event_index,timestamp,atm_id,amount,is_fraud,is_cw,risk_score,severity,confidence,mapping_confidence
1,2023-05-01 00:00:00,81697ea2-f5d...,624.39,0,0,0.13,LOW,0.381,0.9512
2,2023-05-01 00:01:00,c991fb7a-f5c...,16191.88,0,0,0.13,LOW,0.381,0.9512
3,2023-05-01 00:05:00,2ec2dfb2-193...,254.0,0,0,0.13,LOW,0.381,0.9512
4,2023-05-01 00:13:00,bbdf6837-aab...,720.15,0,0,0.13,LOW,0.381,0.9512
5,2023-05-01 00:19:00,9e342a67-6e2...,984.0,0,0,0.13,LOW,0.381,0.9512
6,2023-05-01 00:20:00,5cbba4d0-3c5...,270166.02,0,0,0.13,LOW,0.381,0.9512
7,2023-05-01 00:30:00,81697ea2-f5d...,1000.0,0,1,0.395,MEDIUM,0.3272,0.9512
8,2023-05-01 00:37:00,8df3fb3f-36b...,2325.85,0,0,0.13,LOW,0.381,0.9512
9,2023-05-01 00:38:00,37d50aaa-0ca...,10065.66,0,0,0.13,LOW,0.381,0.9512
10,2023-05-01 00:41:00,3b1e5d03-563...,3897.44,0,0,0.13,LOW,0.381,0.9512
11,2023-05-01 00:42:00,7af28f6a-7ed...,32220.04,0,0,0.13,LOW,0.381,0.9512
12,2023-05-01 00:55:00,800f26bb-ab1...,2162.31,0,0,0.13,LOW,0.381,0.9512
13,2023-05-01 01:12:00,6ded4d28-8bc...,61614.38,0,0,0.13,LOW,0.381,0.9512
14,2023-05-01 01:29:00,7aee3f20-61f...,83.3,0,0,0.13,LOW,0.381,0.9512
15,2023-05-01 01:32:00,fceef9b3-981...,140.67,0,0,0.13,LOW,0.381,0.9512
16,2023-05-01 01:34:00,81697ea2-f5d...,500.0,0,1,0.515,MEDIUM,0.3024,0.9512
17,2023-05-01 01:34:00,c991fb7a-f5c...,65325.72,0,0,0.15,LOW,0.3766,0.9512
18,2023-05-01 01:43:00,2ec2dfb2-193...,2415.81,0,0,0.15,LOW,0.3766,0.9512
19,2023-05-01 01:46:00,bbdf6837-aab...,137852.68,0,0,0.15,LOW,0.3766,0.9512
20,2023-05-01 01:50:00,9e342a67-6e2...,14721.58,0,0,0.15,LOW,0.3766,0.9512
21,2023-05-01 02:02:00,5cbba4d0-3c5...,80.98,0,0,0.15,LOW,0.3766,0.9512
22,2023-05-01 02:02:00,81697ea2-f5d...,500.0,0,1,0.545,MEDIUM,0.3061,0.9512
23,2023-05-01 02:09:00,8df3fb3f-36b...,3603.24,0,0,0.15,LOW,0.3766,0.9512
24,2023-05-01 02:10:00,37d50aaa-0ca...,28592.01,1,0,0.2674,LOW,0.5505,0.9512
25,2023-05-01 02:13:00,3b1e5d03-563...,916.62,0,0,0.15,LOW,0.3766,0.9512
26,2023-05-01 02:21:00,7af28f6a-7ed...,23349.89,0,0,0.15,LOW,0.3766,0.9512
27,2023-05-01 02:25:00,800f26bb-ab1...,1460.55,0,0,0.15,LOW,0.3766,0.9512
28,2023-05-01 02:29:00,6ded4d28-8bc...,20883.68,0,0,0.15,LOW,0.3766,0.9512
29,2023-05-01 02:37:00,81697ea2-f5d...,500.0,0,1,0.555,HIGH,0.3162,0.9512
30,2023-05-01 02:37:00,fceef9b3-981...,1014.98,0,0,0.15,LOW,0.3766,0.9512
31,2023-05-01 02:41:00,81697ea2-f5d...,734.94,1,0,0.6724,HIGH,0.5655,0.9512
32,2023-05-01 02:43:00,c991fb7a-f5c...,49628.17,0,0,0.17,LOW,0.3698,0.9512
33,2023-05-01 02:45:00,2ec2dfb2-193...,2745.58,0,0,0.17,LOW,0.3698,0.9512
34,2023-05-01 02:46:00,bbdf6837-aab...,42.08,0,0,0.17,LOW,0.3698,0.9512
35,2023-05-01 02:50:00,9e342a67-6e2...,394.27,0,0,0.17,LOW,0.3698,0.9512
36,2023-05-01 02:53:00,5cbba4d0-3c5...,1969.43,0,0,0.17,LOW,0.3698,0.9512
37,2023-05-01 02:57:00,59684263-0e0...,195029.45,0,0,0.13,LOW,0.381,0.9512
38,2023-05-01 02:59:00,8df3fb3f-36b...,1084.76,0,0,0.17,LOW,0.3698,0.9512
39,2023-05-01 03:00:00,37d50aaa-0ca...,2280.26,0,0,0.2045,LOW,0.3473,0.9512
40,2023-05-01 03:04:00,3b1e5d03-563...,9391.69,0,0,0.17,LOW,0.3698,0.9512
41,2023-05-01 03:14:00,7af28f6a-7ed...,8794.43,0,0,0.17,LOW,0.3698,0.9512
42,2023-05-01 03:21:00,800f26bb-ab1...,4506.12,0,0,0.17,LOW,0.3698,0.9512
43,2023-05-01 03:23:00,6ded4d28-8bc...,523.29,0,0,0.17,LOW,0.3698,0.9512
44,2023-05-01 03:29:00,7aee3f20-61f...,646.92,0,0,0.15,LOW,0.3766,0.9512
45,2023-05-01 03:32:00,fceef9b3-981...,239.29,0,0,0.17,LOW,0.3698,0.9512
46,2023-05-01 03:34:00,81697ea2-f5d...,1080.56,0,0,0.5895,HIGH,0.3371,0.9512
47,2023-05-01 03:42:00,c991fb7a-f5c...,775.43,0,0,0.17,LOW,0.3778,0.9512
48,2023-05-01 03:48:00,2ec2dfb2-193...,10275.78,0,0,0.17,LOW,0.3778,0.9512
49,2023-05-01 03:53:00,bbdf6837-aab...,960.6,0,0,0.17,LOW,0.3778,0.9512
50,2023-05-01 03:56:00,9e342a67-6e2...,168936.7,0,0,0.17,LOW,0.3778,0.9512
51,2023-05-01 04:02:00,5cbba4d0-3c5...,170.08,0,0,0.17,LOW,0.3778,0.9512
52,2023-05-01 04:11:00,59684263-0e0...,735.21,0,0,0.15,LOW,0.3766,0.9512
53,2023-05-01 04:16:00,81697ea2-f5d...,2000.0,0,1,0.5995,HIGH,0.3474,0.9512
54,2023-05-01 04:29:00,37d50aaa-0ca...,15314.61,0,0,0.2045,LOW,0.3553,0.9512
55,2023-05-01 04:31:00,3b1e5d03-563...,217.94,0,0,0.17,LOW,0.3778,0.9512
56,2023-05-01 04:42:00,7af28f6a-7ed...,27353.15,0,0,0.17,LOW,0.3778,0.9512
57,2023-05-01 04:45:00,800f26bb-ab1...,7178.58,0,0,0.17,LOW,0.3778,0.9512
58,2023-05-01 04:48:00,6ded4d28-8bc...,883.77,0,0,0.17,LOW,0.3778,0.9512
59,2023-05-01 04:59:00,7aee3f20-61f...,3474.37,0,0,0.17,LOW,0.3698,0.9512
60,2023-05-01 05:00:00,fceef9b3-981...,1083.58,0,0,0.125,LOW,0.3778,0.9512
61,2023-05-01 05:03:00,81697ea2-f5d...,1061.24,0,0,0.5545,HIGH,0.3554,0.9512
62,2023-05-01 05:08:00,c991fb7a-f5c...,6751.02,0,0,0.125,LOW,0.3858,0.9512
63,2023-05-01 05:18:00,2ec2dfb2-193...,505185.53,0,0,0.125,LOW,0.3858,0.9512
64,2023-05-01 05:19:00,bbdf6837-aab...,19622.76,0,0,0.125,LOW,0.3858,0.9512
65,2023-05-01 05:25:00,9e342a67-6e2...,811.35,0,0,0.125,LOW,0.3858,0.9512
66,2023-05-01 05:27:00,5cbba4d0-3c5...,26713.1,0,0,0.125,LOW,0.3858,0.9512
67,2023-05-01 05:28:00,59684263-0e0...,315.77,0,0,0.125,LOW,0.3698,0.9512
68,2023-05-01 05:33:00,8df3fb3f-36b...,23.42,0,0,0.125,LOW,0.3778,0.9512
69,2023-05-01 05:45:00,37d50aaa-0ca...,364.92,0,0,0.1595,LOW,0.3633,0.9512
70,2023-05-01 05:48:00,3b1e5d03-563...,92.75,0,0,0.125,LOW,0.3858,0.9512
71,2023-05-01 05:49:00,81697ea2-f5d...,500.0,0,1,0.5645,HIGH,0.3654,0.9512
72,2023-05-01 05:52:00,800f26bb-ab1...,3896.48,0,0,0.125,LOW,0.3858,0.9512
73,2023-05-01 06:03:00,6ded4d28-8bc...,140684.27,0,0,0.125,LOW,0.3858,0.9512
74,2023-05-01 06:04:00,7aee3f20-61f...,8132.3,0,0,0.125,LOW,0.3778,0.9512
75,2023-05-01 06:08:00,fceef9b3-981...,63466.66,0,0,0.125,LOW,0.3858,0.9512
76,2023-05-01 06:09:00,81697ea2-f5d...,157.42,0,0,0.5645,HIGH,0.3734,0.9512
77,2023-05-01 06:09:00,c991fb7a-f5c...,2647.56,0,0,0.125,LOW,0.3938,0.9512
78,2023-05-01 06:15:00,2ec2dfb2-193...,661.92,0,0,0.125,LOW,0.3938,0.9512
79,2023-05-01 06:17:00,81697ea2-f5d...,2000.0,0,1,0.5745,HIGH,0.3832,0.9512
80,2023-05-01 06:17:00,9e342a67-6e2...,7451.1,0,0,0.125,LOW,0.3938,0.9512
81,2023-05-01 06:17:00,5cbba4d0-3c5...,916.42,0,0,0.125,LOW,0.3938,0.9512
82,2023-05-01 06:19:00,59684263-0e0...,36192.35,0,0,0.125,LOW,0.3778,0.9512
83,2023-05-01 06:23:00,8df3fb3f-36b...,8697.93,0,0,0.125,LOW,0.3858,0.9512
84,2023-05-01 06:36:00,37d50aaa-0ca...,1278.23,0,0,0.1595,LOW,0.3713,0.9512
85,2023-05-01 06:38:00,3b1e5d03-563...,1419.46,0,0,0.125,LOW,0.3938,0.9512
86,2023-05-01 06:42:00,7af28f6a-7ed...,74.33,0,0,0.125,LOW,0.3858,0.9512
87,2023-05-01 06:42:00,800f26bb-ab1...,491.16,0,0,0.125,LOW,0.3938,0.9512
88,2023-05-01 06:42:00,81697ea2-f5d...,500.0,1,1,0.7019,HIGH,0.6339,0.9512
89,2023-05-01 06:54:00,7aee3f20-61f...,1250.18,0,0,0.125,LOW,0.3858,0.9512
90,2023-05-01 06:55:00,fceef9b3-981...,1135.87,0,0,0.125,LOW,0.3938,0.9512
91,2023-05-01 06:56:00,81697ea2-f5d...,2000.0,0,1,0.629,HIGH,0.4037,0.9512
92,2023-05-01 07:09:00,c991fb7a-f5c...,932.42,0,0,0.125,LOW,0.4018,0.9512
93,2023-05-01 07:12:00,2ec2dfb2-193...,142.28,0,0,0.125,LOW,0.4018,0.9512
94,2023-05-01 07:12:00,bbdf6837-aab...,476.64,0,0,0.125,LOW,0.3938,0.9512
95,2023-05-01 07:21:00,9e342a67-6e2...,580513.11,0,0,0.125,LOW,0.4018,0.9512
96,2023-05-01 07:26:00,5cbba4d0-3c5...,2852.79,0,0,0.125,LOW,0.4018,0.9512
97,2023-05-01 07:27:00,59684263-0e0...,2201.32,0,0,0.125,LOW,0.3858,0.9512
98,2023-05-01 07:29:00,8df3fb3f-36b...,3596.48,0,0,0.125,LOW,0.3938,0.9512
99,2023-05-01 07:36:00,37d50aaa-0ca...,83.09,0,0,0.1595,LOW,0.3793,0.9512
100,2023-05-01 07:38:00,3b1e5d03-563...,198.07,0,0,0.125,LOW,0.4018,0.9512
101,2023-05-01 07:42:00,7af28f6a-7ed...,349.11,0,0,0.125,LOW,0.3938,0.9512
102,2023-05-01 07:44:00,800f26bb-ab1...,12626.96,0,0,0.125,LOW,0.4018,0.9512
103,2023-05-01 07:46:00,6ded4d28-8bc...,3183.67,0,0,0.125,LOW,0.3938,0.9512
104,2023-05-01 08:02:00,7aee3f20-61f...,955.8,0,0,0.125,LOW,0.3938,0.9512
105,2023-05-01 08:09:00,fceef9b3-981...,1489.51,0,0,0.125,LOW,0.4018,0.9512
106,2023-05-01 08:12:00,81697ea2-f5d...,3138.84,0,0,0.629,HIGH,0.4117,0.9512
107,2023-05-01 08:19:00,c991fb7a-f5c...,34738.49,0,0,0.125,LOW,0.4098,0.9512
108,2023-05-01 08:27:00,2ec2dfb2-193...,4218.89,0,0,0.125,LOW,0.4098,0.9512
109,2023-05-01 08:31:00,bbdf6837-aab...,15135.56,0,0,0.125,LOW,0.4018,0.9512
110,2023-05-01 08:45:00,9e342a67-6e2...,1465.83,0,0,0.125,LOW,0.4098,0.9512
111,2023-05-01 08:47:00,5cbba4d0-3c5...,144249.9,0,0,0.125,LOW,0.4098,0.9512
112,2023-05-01 09:10:00,59684263-0e0...,2461.5,0,0,0.125,LOW,0.3938,0.9512
113,2023-05-01 09:13:00,8df3fb3f-36b...,1305.74,0,0,0.125,LOW,0.4018,0.9512
114,2023-05-01 09:13:00,37d50aaa-0ca...,1976.18,0,0,0.1595,LOW,0.3873,0.9512
115,2023-05-01 09:18:00,81697ea2-f5d...,2000.0,0,1,0.639,HIGH,0.4208,0.9512
116,2023-05-01 09:24:00,7af28f6a-7ed...,529.35,0,0,0.125,LOW,0.4018,0.9512
117,2023-05-01 09:29:00,800f26bb-ab1...,1722.07,0,0,0.125,LOW,0.4098,0.9512
118,2023-05-01 09:33:00,6ded4d28-8bc...,24307.11,0,0,0.125,LOW,0.4018,0.9512
119,2023-05-01 09:34:00,7aee3f20-61f...,5322.13,0,0,0.125,LOW,0.4018,0.9512
120,2023-05-01 09:45:00,fceef9b3-981...,3434.93,0,0,0.125,LOW,0.4098,0.9512
121,2023-05-01 09:51:00,81697ea2-f5d...,10000.0,0,1,0.644,HIGH,0.4293,0.9512
122,2023-05-01 09:52:00,c991fb7a-f5c...,43376.78,0,0,0.125,LOW,0.4178,0.9512
123,2023-05-01 10:12:00,2ec2dfb2-193...,6536.34,0,0,0.125,LOW,0.4178,0.9512
124,2023-05-01 10:22:00,bbdf6837-aab...,1264.43,0,0,0.125,LOW,0.4098,0.9512
125,2023-05-01 10:28:00,9e342a67-6e2...,1108.95,0,0,0.125,LOW,0.4178,0.9512
126,2023-05-01 10:45:00,5cbba4d0-3c5...,665.93,0,0,0.125,LOW,0.4178,0.9512
127,2023-05-01 10:46:00,81697ea2-f5d...,1000.0,0,1,0.644,HIGH,0.4373,0.9512
128,2023-05-01 10:49:00,8df3fb3f-36b...,1852.91,0,0,0.125,LOW,0.4098,0.9512
129,2023-05-01 10:52:00,37d50aaa-0ca...,3563.12,0,0,0.1595,LOW,0.3953,0.9512
130,2023-05-01 10:59:00,3b1e5d03-563...,1624.4,0,0,0.125,LOW,0.4098,0.9512
131,2023-05-01 11:07:00,7af28f6a-7ed...,4262.79,0,0,0.125,LOW,0.4098,0.9512
132,2023-05-01 11:15:00,800f26bb-ab1...,282.48,0,0,0.125,LOW,0.4178,0.9512
133,2023-05-01 11:16:00,6ded4d28-8bc...,7817.52,0,0,0.125,LOW,0.4098,0.9512
134,2023-05-01 11:17:00,7aee3f20-61f...,25336.39,0,0,0.125,LOW,0.4098,0.9512
135,2023-05-01 11:19:00,81697ea2-f5d...,3000.0,0,1,0.644,HIGH,0.4453,0.9512
136,2023-05-01 11:19:00,81697ea2-f5d...,2039.87,0,0,0.644,HIGH,0.4533,0.9512
137,2023-05-01 11:31:00,81697ea2-f5d...,1000.0,0,1,0.644,HIGH,0.4613,0.9512
138,2023-05-01 11:38:00,2ec2dfb2-193...,1868.02,0,0,0.125,LOW,0.4258,0.9512
139,2023-05-01 11:45:00,bbdf6837-aab...,3448.49,0,0,0.125,LOW,0.4178,0.9512
140,2023-05-01 11:47:00,9e342a67-6e2...,3666.19,0,0,0.125,LOW,0.4258,0.9512
141,2023-05-01 11:49:00,81697ea2-f5d...,5000.0,0,1,0.644,HIGH,0.4693,0.9512
142,2023-05-01 11:49:00,59684263-0e0...,900.16,0,0,0.125,LOW,0.4018,0.9512
143,2023-05-01 11:50:00,8df3fb3f-36b...,583.87,0,0,0.125,LOW,0.4178,0.9512
144,2023-05-01 11:52:00,37d50aaa-0ca...,114.14,0,0,0.1595,LOW,0.4033,0.9512
145,2023-05-01 11:53:00,3b1e5d03-563...,618.47,0,0,0.125,LOW,0.4178,0.9512
146,2023-05-01 11:57:00,7af28f6a-7ed...,514.43,0,0,0.125,LOW,0.4178,0.9512
147,2023-05-01 12:02:00,800f26bb-ab1...,470772.45,0,0,0.125,LOW,0.4258,0.9512
148,2023-05-01 12:09:00,6ded4d28-8bc...,133392.44,0,0,0.125,LOW,0.4178,0.9512
149,2023-05-01 12:10:00,7aee3f20-61f...,71586.44,0,0,0.125,LOW,0.4178,0.9512
150,2023-05-01 12:23:00,fceef9b3-981...,964.57,0,0,0.125,LOW,0.4178,0.9512
151,2023-05-01 12:29:00,81697ea2-f5d...,5000.0,0,1,0.644,HIGH,0.4773,0.9512
152,2023-05-01 12:32:00,c991fb7a-f5c...,531.23,0,0,0.125,LOW,0.4258,0.9512
153,2023-05-01 12:37:00,2ec2dfb2-193...,445.76,0,0,0.125,LOW,0.4338,0.9512
154,2023-05-01 12:42:00,bbdf6837-aab...,527.87,0,0,0.125,LOW,0.4258,0.9512
155,2023-05-01 12:47:00,9e342a67-6e2...,202.61,0,0,0.125,LOW,0.4338,0.9512
156,2023-05-01 12:47:00,81697ea2-f5d...,1000.0,0,1,0.644,HIGH,0.4853,0.9512
157,2023-05-01 12:57:00,59684263-0e0...,10813.38,0,0,0.125,LOW,0.4098,0.9512
158,2023-05-01 13:05:00,8df3fb3f-36b...,1547.65,0,0,0.125,LOW,0.4258,0.9512
159,2023-05-01 13:06:00,81697ea2-f5d...,1000.0,0,1,0.644,HIGH,0.4933,0.9512
160,2023-05-01 13:09:00,3b1e5d03-563...,29125.46,0,0,0.125,LOW,0.4258,0.9512
161,2023-05-01 13:18:00,7af28f6a-7ed...,2869.56,0,0,0.125,LOW,0.4258,0.9512
162,2023-05-01 13:21:00,81697ea2-f5d...,5000.0,0,1,0.644,HIGH,0.5013,0.9512
163,2023-05-01 13:23:00,6ded4d28-8bc...,9053.45,0,0,0.125,LOW,0.4258,0.9512
164,2023-05-01 13:29:00,7aee3f20-61f...,21224.21,0,0,0.125,LOW,0.4258,0.9512
165,2023-05-01 13:34:00,fceef9b3-981...,382.26,0,0,0.125,LOW,0.4258,0.9512
166,2023-05-01 13:37:00,81697ea2-f5d...,1782.11,0,0,0.644,HIGH,0.5093,0.9512
167,2023-05-01 13:38:00,c991fb7a-f5c...,227.66,0,0,0.125,LOW,0.4338,0.9512
168,2023-05-01 13:43:00,2ec2dfb2-193...,5786.17,0,0,0.125,LOW,0.4418,0.9512
169,2023-05-01 13:44:00,bbdf6837-aab...,971.08,0,0,0.125,LOW,0.4338,0.9512
170,2023-05-01 13:58:00,9e342a67-6e2...,216932.04,0,0,0.125,LOW,0.4418,0.9512
171,2023-05-01 14:01:00,5cbba4d0-3c5...,417.64,0,0,0.125,LOW,0.4258,0.9512
172,2023-05-01 14:06:00,59684263-0e0...,1596.61,0,0,0.125,LOW,0.4178,0.9512
173,2023-05-01 14:10:00,8df3fb3f-36b...,2284.54,0,0,0.125,LOW,0.4338,0.9512
174,2023-05-01 14:14:00,37d50aaa-0ca...,69.55,0,0,0.1595,LOW,0.4113,0.9512
175,2023-05-01 14:17:00,3b1e5d03-563...,79.11,0,0,0.125,LOW,0.4338,0.9512
176,2023-05-01 14:21:00,7af28f6a-7ed...,22903.33,0,0,0.125,LOW,0.4338,0.9512
177,2023-05-01 14:38:00,800f26bb-ab1...,1652.36,0,0,0.125,LOW,0.4338,0.9512
178,2023-05-01 14:40:00,6ded4d28-8bc...,1480.17,0,0,0.125,LOW,0.4338,0.9512
179,2023-05-01 14:53:00,7aee3f20-61f...,145.48,0,0,0.125,LOW,0.4338,0.9512
180,2023-05-01 14:53:00,fceef9b3-981...,3139.61,0,0,0.125,LOW,0.4338,0.9512
181,2023-05-01 14:55:00,81697ea2-f5d...,771.94,0,0,0.644,HIGH,0.5173,0.9512
182,2023-05-01 15:12:00,c991fb7a-f5c...,4022.19,0,0,0.125,LOW,0.4418,0.9512
183,2023-05-01 15:25:00,2ec2dfb2-193...,65.78,0,0,0.125,LOW,0.4498,0.9512
184,2023-05-01 15:29:00,bbdf6837-aab...,20588.54,0,0,0.125,LOW,0.4418,0.9512
185,2023-05-01 15:45:00,9e342a67-6e2...,2902.67,0,0,0.125,LOW,0.4498,0.9512
186,2023-05-01 15:56:00,5cbba4d0-3c5...,6017.15,0,0,0.125,LOW,0.4338,0.9512
187,2023-05-01 16:01:00,59684263-0e0...,18847.63,0,0,0.125,LOW,0.4258,0.9512
188,2023-05-01 16:09:00,8df3fb3f-36b...,133615.51,0,0,0.125,LOW,0.4418,0.9512
189,2023-05-01 16:14:00,37d50aaa-0ca...,47354.57,0,0,0.1595,LOW,0.4193,0.9512
190,2023-05-01 16:16:00,3b1e5d03-563...,15773.91,0,0,0.125,LOW,0.4418,0.9512
191,2023-05-01 16:16:00,7af28f6a-7ed...,3776.83,0,0,0.125,LOW,0.4418,0.9512
192,2023-05-01 16:21:00,800f26bb-ab1...,1849.53,0,0,0.125,LOW,0.4418,0.9512
193,2023-05-01 16:22:00,6ded4d28-8bc...,24845.67,0,0,0.125,LOW,0.4418,0.9512
194,2023-05-01 16:22:00,7aee3f20-61f...,37737.53,0,0,0.125,LOW,0.4418,0.9512
195,2023-05-01 16:29:00,fceef9b3-981...,9439.02,0,0,0.125,LOW,0.4418,0.9512
196,2023-05-01 16:30:00,81697ea2-f5d...,586.17,0,0,0.644,HIGH,0.5253,0.9512
197,2023-05-01 16:31:00,c991fb7a-f5c...,129847.37,0,0,0.125,LOW,0.4498,0.9512
198,2023-05-01 16:36:00,2ec2dfb2-193...,2650.11,0,0,0.125,LOW,0.4578,0.9512
199,2023-05-01 16:40:00,bbdf6837-aab...,26618.34,0,0,0.125,LOW,0.4498,0.9512
200,2023-05-01 16:55:00,9e342a67-6e2...,742.22,0,0,0.125,LOW,0.4578,0.9512
201,2023-05-01 17:13:00,5cbba4d0-3c5...,5006.86,0,0,0.125,LOW,0.4418,0.9512
202,2023-05-01 17:24:00,59684263-0e0...,25457.5,0,0,0.125,LOW,0.4338,0.9512
203,2023-05-01 17:27:00,8df3fb3f-36b...,13846.4,0,0,0.125,LOW,0.4498,0.9512
204,2023-05-01 17:35:00,37d50aaa-0ca...,1292.8,0,0,0.1595,LOW,0.4273,0.9512
205,2023-05-01 17:36:00,3b1e5d03-563...,2028.97,0,0,0.125,LOW,0.4498,0.9512
206,2023-05-01 17:37:00,7af28f6a-7ed...,3412.16,0,0,0.125,LOW,0.4498,0.9512
207,2023-05-01 17:41:00,800f26bb-ab1...,55.76,0,0,0.125,LOW,0.4498,0.9512
208,2023-05-01 17:46:00,6ded4d28-8bc...,15137.49,0,0,0.125,LOW,0.4498,0.9512
209,2023-05-01 17:51:00,7aee3f20-61f...,3061.59,0,0,0.125,LOW,0.4498,0.9512
210,2023-05-01 17:55:00,fceef9b3-981...,438.18,0,0,0.125,LOW,0.4498,0.9512
211,2023-05-01 17:59:00,81697ea2-f5d...,5249.82,0,0,0.644,HIGH,0.5333,0.9512
212,2023-05-01 18:12:00,c991fb7a-f5c...,5371.67,0,0,0.125,LOW,0.4578,0.9512
213,2023-05-01 18:19:00,2ec2dfb2-193...,1063.38,0,0,0.125,LOW,0.4658,0.9512
214,2023-05-01 18:28:00,bbdf6837-aab...,56643.31,0,0,0.125,LOW,0.4578,0.9512
215,2023-05-01 18:30:00,9e342a67-6e2...,46449.02,0,0,0.125,LOW,0.4658,0.9512
216,2023-05-01 18:33:00,5cbba4d0-3c5...,619.14,0,0,0.125,LOW,0.4498,0.9512
217,2023-05-01 18:36:00,59684263-0e0...,6973.56,0,0,0.125,LOW,0.4418,0.9512
218,2023-05-01 18:36:00,81697ea2-f5d...,1000.0,0,1,0.644,HIGH,0.5413,0.9512
219,2023-05-01 18:42:00,37d50aaa-0ca...,1424.81,0,0,0.1595,LOW,0.4353,0.9512
220,2023-05-01 18:45:00,3b1e5d03-563...,594829.58,0,0,0.125,LOW,0.4578,0.9512
221,2023-05-01 19:02:00,81697ea2-f5d...,2000.0,0,1,0.644,HIGH,0.5493,0.9512
222,2023-05-01 19:04:00,81697ea2-f5d...,1000.0,0,1,0.644,HIGH,0.5573,0.9512
223,2023-05-01 19:10:00,81697ea2-f5d...,3000.0,0,1,0.644,HIGH,0.5653,0.9512
224,2023-05-01 19:10:00,7aee3f20-61f...,565.61,0,0,0.125,LOW,0.4578,0.9512
225,2023-05-01 19:12:00,fceef9b3-981...,124862.16,0,0,0.125,LOW,0.4578,0.9512
226,2023-05-01 19:13:00,81697ea2-f5d...,530.34,0,0,0.644,HIGH,0.5733,0.9512
227,2023-05-01 19:18:00,81697ea2-f5d...,5000.0,0,1,0.644,HIGH,0.5813,0.9512
228,2023-05-01 19:21:00,2ec2dfb2-193...,4182.85,0,0,0.125,LOW,0.4738,0.9512
229,2023-05-01 19:27:00,bbdf6837-aab...,554.72,0,0,0.125,LOW,0.4658,0.9512
230,2023-05-01 19:31:00,9e342a67-6e2...,218.47,0,0,0.125,LOW,0.4738,0.9512
231,2023-05-01 19:35:00,5cbba4d0-3c5...,6969.29,0,0,0.125,LOW,0.4578,0.9512
232,2023-05-01 19:45:00,59684263-0e0...,50815.16,0,0,0.125,LOW,0.4498,0.9512
233,2023-05-01 19:46:00,8df3fb3f-36b...,28733.63,0,0,0.125,LOW,0.4578,0.9512
234,2023-05-01 19:49:00,37d50aaa-0ca...,28031.69,0,0,0.1595,LOW,0.4433,0.9512
235,2023-05-01 19:57:00,3b1e5d03-563...,1011.47,0,0,0.125,LOW,0.4658,0.9512
236,2023-05-01 20:00:00,81697ea2-f5d...,1000.0,0,1,0.644,HIGH,0.5893,0.9512
237,2023-05-01 20:01:00,81697ea2-f5d...,2000.0,0,1,0.644,HIGH,0.5973,0.9512
238,2023-05-01 20:14:00,6ded4d28-8bc...,49476.82,0,0,0.125,LOW,0.4578,0.9512
239,2023-05-01 20:15:00,7aee3f20-61f...,418.02,0,0,0.125,LOW,0.4658,0.9512
240,2023-05-01 20:18:00,fceef9b3-981...,95.42,0,0,0.125,LOW,0.4658,0.9512
241,2023-05-01 20:22:00,81697ea2-f5d...,489.03,0,0,0.644,HIGH,0.6053,0.9512
242,2023-05-01 20:25:00,c991fb7a-f5c...,4004.45,0,0,0.125,LOW,0.4658,0.9512
243,2023-05-01 20:32:00,2ec2dfb2-193...,181116.12,0,0,0.125,LOW,0.4818,0.9512
244,2023-05-01 20:36:00,bbdf6837-aab...,131639.8,0,0,0.125,LOW,0.4738,0.9512
245,2023-05-01 20:40:00,9e342a67-6e2...,585.34,0,0,0.125,LOW,0.4818,0.9512
246,2023-05-01 20:46:00,5cbba4d0-3c5...,526.15,0,0,0.125,LOW,0.4658,0.9512
247,2023-05-01 20:49:00,59684263-0e0...,372.43,0,0,0.125,LOW,0.4578,0.9512
248,2023-05-01 20:51:00,8df3fb3f-36b...,621.72,0,0,0.125,LOW,0.4658,0.9512
249,2023-05-01 21:02:00,37d50aaa-0ca...,1113.55,0,0,0.1595,LOW,0.4513,0.9512
250,2023-05-01 21:05:00,3b1e5d03-563...,1000.65,0,0,0.125,LOW,0.4738,0.9512
251,2023-05-01 21:09:00,7af28f6a-7ed...,14796.05,0,0,0.125,LOW,0.4578,0.9512
252,2023-05-01 21:11:00,800f26bb-ab1...,42468.65,0,0,0.125,LOW,0.4578,0.9512
253,2023-05-01 21:13:00,6ded4d28-8bc...,45041.0,0,0,0.125,LOW,0.4658,0.9512
254,2023-05-01 21:13:00,7aee3f20-61f...,165793.32,0,0,0.125,LOW,0.4738,0.9512
255,2023-05-01 21:14:00,fceef9b3-981...,3840.34,0,0,0.125,LOW,0.4738,0.9512
256,2023-05-01 21:16:00,81697ea2-f5d...,418.76,0,0,0.644,HIGH,0.6133,0.9512
257,2023-05-01 21:21:00,c991fb7a-f5c...,1333.67,0,0,0.125,LOW,0.4738,0.9512
258,2023-05-01 21:22:00,2ec2dfb2-193...,1002.58,0,0,0.125,LOW,0.4898,0.9512
259,2023-05-01 21:32:00,bbdf6837-aab...,512.72,0,0,0.125,LOW,0.4818,0.9512
260,2023-05-01 21:38:00,9e342a67-6e2...,1284.61,0,0,0.125,LOW,0.4898,0.9512
261,2023-05-01 21:43:00,5cbba4d0-3c5...,426.23,0,0,0.125,LOW,0.4738,0.9512
262,2023-05-01 21:46:00,59684263-0e0...,1772.58,0,0,0.125,LOW,0.4658,0.9512
263,2023-05-01 21:46:00,8df3fb3f-36b...,8315.58,0,0,0.125,LOW,0.4738,0.9512
264,2023-05-01 22:00:00,37d50aaa-0ca...,265.68,0,0,0.2045,LOW,0.4593,0.9512
265,2023-05-01 22:15:00,3b1e5d03-563...,10209.92,0,0,0.17,LOW,0.4818,0.9512
266,2023-05-01 22:15:00,7af28f6a-7ed...,658.68,0,0,0.17,LOW,0.4658,0.9512
267,2023-05-01 22:17:00,800f26bb-ab1...,548.72,0,0,0.17,LOW,0.4658,0.9512
268,2023-05-01 22:33:00,6ded4d28-8bc...,7575.08,0,0,0.17,LOW,0.4738,0.9512
269,2023-05-01 22:35:00,7aee3f20-61f...,7414.06,0,0,0.17,LOW,0.4818,0.9512
270,2023-05-01 22:38:00,fceef9b3-981...,1501.37,0,0,0.17,LOW,0.4818,0.9512
271,2023-05-01 22:42:00,81697ea2-f5d...,763.05,0,0,0.689,HIGH,0.6213,0.9512
272,2023-05-01 22:44:00,c991fb7a-f5c...,23731.92,0,0,0.17,LOW,0.4818,0.9512
273,2023-05-01 22:46:00,2ec2dfb2-193...,4311.27,0,0,0.17,LOW,0.4978,0.9512
274,2023-05-01 22:53:00,bbdf6837-aab...,9840.84,0,0,0.17,LOW,0.4898,0.9512
275,2023-05-01 22:55:00,9e342a67-6e2...,1202.56,0,0,0.17,LOW,0.4978,0.9512
276,2023-05-01 23:00:00,5cbba4d0-3c5...,3551.39,0,0,0.17,LOW,0.4818,0.9512
277,2023-05-01 23:01:00,59684263-0e0...,2607.2,0,0,0.17,LOW,0.4738,0.9512
278,2023-05-01 23:02:00,8df3fb3f-36b...,763.64,0,0,0.17,LOW,0.4818,0.9512
279,2023-05-01 23:02:00,37d50aaa-0ca...,128.86,0,0,0.2045,LOW,0.4673,0.9512
280,2023-05-01 23:05:00,3b1e5d03-563...,1613.86,0,0,0.17,LOW,0.4898,0.9512
281,2023-05-01 23:12:00,7af28f6a-7ed...,1465.1,0,0,0.17,LOW,0.4738,0.9512
282,2023-05-01 23:15:00,800f26bb-ab1...,4335.57,0,0,0.17,LOW,0.4738,0.9512
283,2023-05-01 23:21:00,6ded4d28-8bc...,9439.6,0,0,0.17,LOW,0.4818,0.9512
284,2023-05-01 23:23:00,7aee3f20-61f...,4212.14,0,0,0.17,LOW,0.4898,0.9512
285,2023-05-01 23:39:00,fceef9b3-981...,18947.69,0,0,0.17,LOW,0.4898,0.9512
286,2023-05-01 23:43:00,81697ea2-f5d...,4851.66,0,0,0.689,HIGH,0.6293,0.9512
287,2023-05-01 23:44:00,c991fb7a-f5c...,192895.86,0,0,0.17,LOW,0.4898,0.9512
288,2023-05-01 23:45:00,81697ea2-f5d...,1000.0,0,1,0.689,HIGH,0.6373,0.9512
289,2023-05-01 23:46:00,bbdf6837-aab...,2663.35,0,0,0.17,LOW,0.4978,0.9512
290,2023-05-01 23:47:00,81697ea2-f5d...,10000.0,0,1,0.689,HIGH,0.6453,0.9512
291,2023-05-01 23:52:00,5cbba4d0-3c5...,2186.37,0,0,0.17,LOW,0.4898,0.9512
292,2023-05-01 23:58:00,59684263-0e0...,138.32,0,0,0.17,LOW,0.4818,0.9512
293,2023-05-02 00:01:00,81697ea2-f5d...,1000.0,0,1,0.689,HIGH,0.6533,0.9512
294,2023-05-02 00:06:00,81697ea2-f5d...,2000.0,0,1,0.689,HIGH,0.6613,0.9512
295,2023-05-02 00:06:00,3b1e5d03-563...,350.91,0,0,0.17,LOW,0.4978,0.9512
296,2023-05-02 00:07:00,7af28f6a-7ed...,9882.12,0,0,0.17,LOW,0.4818,0.9512
297,2023-05-02 00:13:00,800f26bb-ab1...,2119.0,0,0,0.17,LOW,0.4818,0.9512
298,2023-05-02 00:15:00,6ded4d28-8bc...,763.72,0,0,0.17,LOW,0.4898,0.9512
299,2023-05-02 00:20:00,7aee3f20-61f...,7949.26,0,0,0.17,LOW,0.4978,0.9512
300,2023-05-02 00:30:00,fceef9b3-981...,5511.08,0,0,0.17,LOW,0.4978,0.9512
301,2023-05-02 00:33:00,81697ea2-f5d...,478.48,0,0,0.689,HIGH,0.6693,0.9512
302,2023-05-02 00:34:00,81697ea2-f5d...,1000.0,0,1,0.689,HIGH,0.6773,0.9512
303,2023-05-02 00:40:00,2ec2dfb2-193...,323.8,0,0,0.17,LOW,0.5058,0.9512
304,2023-05-02 00:48:00,bbdf6837-aab...,1855.74,0,0,0.17,LOW,0.5058,0.9512
305,2023-05-02 00:58:00,9e342a67-6e2...,440.36,0,0,0.17,LOW,0.5058,0.9512
306,2023-05-02 01:03:00,5cbba4d0-3c5...,5297.7,0,0,0.17,LOW,0.4978,0.9512
307,2023-05-02 01:07:00,59684263-0e0...,1038.16,0,0,0.17,LOW,0.4898,0.9512
308,2023-05-02 01:09:00,8df3fb3f-36b...,515.15,0,0,0.17,LOW,0.4898,0.9512
309,2023-05-02 01:15:00,37d50aaa-0ca...,21732.11,0,0,0.2045,LOW,0.4753,0.9512
310,2023-05-02 01:17:00,3b1e5d03-563...,2652.28,0,0,0.17,LOW,0.5058,0.9512
311,2023-05-02 01:19:00,7af28f6a-7ed...,121.16,0,0,0.17,LOW,0.4898,0.9512
312,2023-05-02 01:23:00,800f26bb-ab1...,221389.32,0,0,0.17,LOW,0.4898,0.9512
313,2023-05-02 01:29:00,6ded4d28-8bc...,1480.59,0,0,0.17,LOW,0.4978,0.9512
314,2023-05-02 01:41:00,7aee3f20-61f...,400.46,1,0,0.2874,LOW,0.684,0.9512
315,2023-05-02 01:45:00,fceef9b3-981...,1469.39,0,0,0.17,LOW,0.5058,0.9512
316,2023-05-02 01:46:00,81697ea2-f5d...,66.39,0,0,0.689,HIGH,0.6853,0.9512
317,2023-05-02 02:02:00,c991fb7a-f5c...,10368.29,0,0,0.17,LOW,0.4978,0.9512
318,2023-05-02 02:19:00,2ec2dfb2-193...,23972.15,0,0,0.17,LOW,0.5138,0.9512
319,2023-05-02 02:27:00,bbdf6837-aab...,13300.49,0,0,0.17,LOW,0.5138,0.9512
320,2023-05-02 02:28:00,9e342a67-6e2...,60888.7,0,0,0.17,LOW,0.5138,0.9512
321,2023-05-02 02:32:00,5cbba4d0-3c5...,5732.8,0,0,0.17,LOW,0.5058,0.9512
322,2023-05-02 02:34:00,59684263-0e0...,296.94,0,0,0.17,LOW,0.4978,0.9512
323,2023-05-02 02:34:00,8df3fb3f-36b...,4834.04,0,0,0.17,LOW,0.4978,0.9512
324,2023-05-02 02:37:00,37d50aaa-0ca...,3199.36,0,0,0.2045,LOW,0.4833,0.9512
325,2023-05-02 02:41:00,3b1e5d03-563...,3873.84,0,0,0.17,LOW,0.5138,0.9512
326,2023-05-02 02:45:00,7af28f6a-7ed...,435490.57,0,0,0.17,LOW,0.4978,0.9512
327,2023-05-02 02:53:00,81697ea2-f5d...,2000.0,0,1,0.689,HIGH,0.6933,0.9512
328,2023-05-02 03:05:00,6ded4d28-8bc...,1620.04,0,0,0.17,LOW,0.5058,0.9512
329,2023-05-02 03:05:00,7aee3f20-61f...,115080.16,0,0,0.2045,LOW,0.4913,0.9512
330,2023-05-02 03:13:00,fceef9b3-981...,2782.51,0,0,0.17,LOW,0.5138,0.9512
331,2023-05-02 03:24:00,81697ea2-f5d...,199821.3,0,0,0.689,HIGH,0.6933,0.9512
332,2023-05-02 03:26:00,c991fb7a-f5c...,909.97,0,0,0.17,LOW,0.5058,0.9512
333,2023-05-02 03:32:00,2ec2dfb2-193...,11842.55,0,0,0.17,LOW,0.5218,0.9512
334,2023-05-02 03:36:00,bbdf6837-aab...,3464.67,0,0,0.17,LOW,0.5218,0.9512
335,2023-05-02 03:38:00,9e342a67-6e2...,2818.02,0,0,0.17,LOW,0.5218,0.9512
336,2023-05-02 03:39:00,5cbba4d0-3c5...,2168.78,0,0,0.17,LOW,0.5138,0.9512
337,2023-05-02 03:43:00,59684263-0e0...,1322.14,0,0,0.17,LOW,0.5058,0.9512
338,2023-05-02 03:46:00,8df3fb3f-36b...,262.12,0,0,0.17,LOW,0.5058,0.9512
339,2023-05-02 03:50:00,37d50aaa-0ca...,61702.64,0,0,0.2045,LOW,0.4913,0.9512
340,2023-05-02 03:52:00,3b1e5d03-563...,4805.31,0,0,0.17,LOW,0.5218,0.9512
341,2023-05-02 03:55:00,7af28f6a-7ed...,11456.84,0,0,0.17,LOW,0.5058,0.9512
342,2023-05-02 04:07:00,800f26bb-ab1...,268018.87,0,0,0.17,LOW,0.4978,0.9512
343,2023-05-02 04:08:00,6ded4d28-8bc...,2272.95,0,0,0.17,LOW,0.5138,0.9512
344,2023-05-02 04:15:00,7aee3f20-61f...,883.87,0,0,0.2045,LOW,0.4993,0.9512
345,2023-05-02 04:18:00,fceef9b3-981...,2064.6,0,0,0.17,LOW,0.5218,0.9512
346,2023-05-02 04:21:00,81697ea2-f5d...,53037.49,0,0,0.689,HIGH,0.6933,0.9512
347,2023-05-02 04:28:00,c991fb7a-f5c...,6795.01,0,0,0.17,LOW,0.5138,0.9512
348,2023-05-02 04:29:00,2ec2dfb2-193...,499.98,0,0,0.17,LOW,0.5298,0.9512
349,2023-05-02 04:30:00,bbdf6837-aab...,515.12,0,0,0.17,LOW,0.5298,0.9512
350,2023-05-02 04:45:00,9e342a67-6e2...,754779.01,0,0,0.17,LOW,0.5298,0.9512
351,2023-05-02 04:48:00,5cbba4d0-3c5...,482.92,0,0,0.17,LOW,0.5218,0.9512
352,2023-05-02 04:49:00,59684263-0e0...,25863.26,0,0,0.17,LOW,0.5138,0.9512
353,2023-05-02 04:51:00,8df3fb3f-36b...,2203.86,0,0,0.17,LOW,0.5138,0.9512
354,2023-05-02 04:56:00,37d50aaa-0ca...,6243.25,0,0,0.2045,LOW,0.4993,0.9512
355,2023-05-02 04:57:00,3b1e5d03-563...,4425.99,0,0,0.17,LOW,0.5298,0.9512
356,2023-05-02 05:01:00,7af28f6a-7ed...,451.05,0,0,0.125,LOW,0.5138,0.9512
357,2023-05-02 05:02:00,800f26bb-ab1...,2173.27,0,0,0.125,LOW,0.5058,0.9512
358,2023-05-02 05:12:00,6ded4d28-8bc...,367.1,0,0,0.125,LOW,0.5218,0.9512
359,2023-05-02 05:20:00,7aee3f20-61f...,388.98,0,0,0.1595,LOW,0.5073,0.9512
360,2023-05-02 05:22:00,fceef9b3-981...,316.85,0,0,0.125,LOW,0.5298,0.9512
361,2023-05-02 05:25:00,81697ea2-f5d...,1000.0,0,1,0.644,HIGH,0.6933,0.9512
362,2023-05-02 05:28:00,c991fb7a-f5c...,27681.28,0,0,0.125,LOW,0.5218,0.9512
363,2023-05-02 05:28:00,81697ea2-f5d...,1000.0,0,1,0.644,HIGH,0.6933,0.9512
364,2023-05-02 05:28:00,bbdf6837-aab...,793.53,0,0,0.125,LOW,0.5378,0.9512
365,2023-05-02 05:38:00,9e342a67-6e2...,7579.26,0,0,0.125,LOW,0.5378,0.9512
366,2023-05-02 05:39:00,5cbba4d0-3c5...,118617.94,0,0,0.125,LOW,0.5298,0.9512
367,2023-05-02 05:50:00,59684263-0e0...,8999.64,0,0,0.125,LOW,0.5218,0.9512
368,2023-05-02 05:59:00,8df3fb3f-36b...,1913.82,0,0,0.125,LOW,0.5218,0.9512
369,2023-05-02 06:06:00,37d50aaa-0ca...,2234.33,0,0,0.1595,LOW,0.5073,0.9512
370,2023-05-02 06:10:00,3b1e5d03-563...,16701.5,0,0,0.125,LOW,0.5378,0.9512
371,2023-05-02 06:10:00,7af28f6a-7ed...,4588.13,0,0,0.125,LOW,0.5218,0.9512
372,2023-05-02 06:15:00,800f26bb-ab1...,447.88,0,0,0.125,LOW,0.5138,0.9512
373,2023-05-02 06:20:00,6ded4d28-8bc...,599585.82,1,0,0.2424,LOW,0.708,0.9512
374,2023-05-02 06:20:00,7aee3f20-61f...,32767.71,0,0,0.1595,LOW,0.5153,0.9512
375,2023-05-02 06:20:00,fceef9b3-981...,12364.58,0,0,0.125,LOW,0.5378,0.9512
376,2023-05-02 06:22:00,81697ea2-f5d...,8078.88,0,0,0.644,HIGH,0.6933,0.9512
377,2023-05-02 06:28:00,c991fb7a-f5c...,1785.17,0,0,0.125,LOW,0.5298,0.9512
378,2023-05-02 06:36:00,2ec2dfb2-193...,11710.62,0,0,0.125,LOW,0.5378,0.9512
379,2023-05-02 06:39:00,bbdf6837-aab...,295446.34,0,0,0.125,LOW,0.5458,0.9512
380,2023-05-02 06:47:00,9e342a67-6e2...,3189.3,0,0,0.125,LOW,0.5458,0.9512
381,2023-05-02 06:49:00,5cbba4d0-3c5...,1711.41,0,0,0.125,LOW,0.5378,0.9512
382,2023-05-02 06:54:00,59684263-0e0...,1630.9,0,0,0.125,LOW,0.5298,0.9512
383,2023-05-02 06:56:00,8df3fb3f-36b...,41364.42,0,0,0.125,LOW,0.5298,0.9512
384,2023-05-02 07:04:00,37d50aaa-0ca...,1698.74,0,0,0.1595,LOW,0.5153,0.9512
385,2023-05-02 07:05:00,3b1e5d03-563...,6896.0,0,0,0.125,LOW,0.5458,0.9512
386,2023-05-02 07:09:00,7af28f6a-7ed...,67.14,0,0,0.125,LOW,0.5298,0.9512
387,2023-05-02 07:21:00,800f26bb-ab1...,4245.25,0,0,0.125,LOW,0.5218,0.9512
388,2023-05-02 07:22:00,6ded4d28-8bc...,102959.68,0,0,0.1595,LOW,0.5153,0.9512
389,2023-05-02 07:22:00,7aee3f20-61f...,65415.84,0,0,0.1595,LOW,0.5233,0.9512
390,2023-05-02 07:39:00,fceef9b3-981...,105959.01,0,0,0.125,LOW,0.5458,0.9512
391,2023-05-02 07:44:00,81697ea2-f5d...,685.03,0,0,0.644,HIGH,0.6933,0.9512
392,2023-05-02 07:47:00,c991fb7a-f5c...,177849.29,0,0,0.125,LOW,0.5378,0.9512
393,2023-05-02 07:49:00,2ec2dfb2-193...,4027.84,0,0,0.125,LOW,0.5458,0.9512
394,2023-05-02 07:50:00,bbdf6837-aab...,3076.88,0,0,0.125,LOW,0.5538,0.9512
395,2023-05-02 07:51:00,9e342a67-6e2...,2386992.24,0,0,0.125,LOW,0.5538,0.9512
396,2023-05-02 07:59:00,5cbba4d0-3c5...,12035.24,0,0,0.125,LOW,0.5458,0.9512
397,2023-05-02 07:59:00,59684263-0e0...,4079.05,0,0,0.125,LOW,0.5378,0.9512
398,2023-05-02 08:04:00,8df3fb3f-36b...,2773.92,0,0,0.125,LOW,0.5378,0.9512
399,2023-05-02 08:10:00,37d50aaa-0ca...,717.92,0,0,0.1595,LOW,0.5233,0.9512
400,2023-05-02 08:15:00,3b1e5d03-563...,2519.34,0,0,0.125,LOW,0.5538,0.9512
401,2023-05-02 08:16:00,7af28f6a-7ed...,612.28,0,0,0.125,LOW,0.5378,0.9512
402,2023-05-02 08:35:00,800f26bb-ab1...,1957.96,0,0,0.125,LOW,0.5298,0.9512
403,2023-05-02 08:42:00,6ded4d28-8bc...,8144.71,1,0,0.2769,LOW,0.7044,0.9512
404,2023-05-02 08:45:00,7aee3f20-61f...,401783.51,0,0,0.1595,LOW,0.5313,0.9512
405,2023-05-02 08:45:00,fceef9b3-981...,1226.53,0,0,0.125,LOW,0.5538,0.9512
406,2023-05-02 09:01:00,81697ea2-f5d...,8675.32,0,0,0.644,HIGH,0.6933,0.9512
407,2023-05-02 09:06:00,c991fb7a-f5c...,5710.57,0,0,0.125,LOW,0.5458,0.9512
408,2023-05-02 09:10:00,2ec2dfb2-193...,1800.12,0,0,0.125,LOW,0.5538,0.9512
409,2023-05-02 09:14:00,bbdf6837-aab...,1845.0,0,0,0.125,LOW,0.5618,0.9512
410,2023-05-02 09:23:00,9e342a67-6e2...,174836.01,0,0,0.125,LOW,0.5618,0.9512
411,2023-05-02 09:24:00,5cbba4d0-3c5...,625.43,0,0,0.125,LOW,0.5538,0.9512
412,2023-05-02 09:34:00,59684263-0e0...,101509.72,0,0,0.125,LOW,0.5458,0.9512
413,2023-05-02 09:36:00,8df3fb3f-36b...,692.39,0,0,0.125,LOW,0.5458,0.9512
414,2023-05-02 09:53:00,37d50aaa-0ca...,2753.58,0,0,0.1595,LOW,0.5313,0.9512
415,2023-05-02 09:56:00,3b1e5d03-563...,465325.27,0,0,0.125,LOW,0.5618,0.9512
416,2023-05-02 10:01:00,7af28f6a-7ed...,1484.04,0,0,0.125,LOW,0.5458,0.9512
417,2023-05-02 10:09:00,800f26bb-ab1...,4898.53,0,0,0.125,LOW,0.5378,0.9512
418,2023-05-02 10:15:00,81697ea2-f5d...,1000.0,0,1,0.64,HIGH,0.6943,0.9512
419,2023-05-02 10:19:00,7aee3f20-61f...,561.11,0,0,0.1595,LOW,0.5393,0.9512
420,2023-05-02 10:22:00,fceef9b3-981...,392.1,0,0,0.125,LOW,0.5618,0.9512
421,2023-05-02 10:27:00,81697ea2-f5d...,1391.59,0,0,0.64,HIGH,0.6943,0.9512
422,2023-05-02 10:33:00,c991fb7a-f5c...,325.45,0,0,0.125,LOW,0.5538,0.9512
423,2023-05-02 10:38:00,2ec2dfb2-193...,1357.56,0,0,0.125,LOW,0.5618,0.9512
424,2023-05-02 10:50:00,bbdf6837-aab...,33792.93,0,0,0.125,LOW,0.5698,0.9512
425,2023-05-02 10:51:00,9e342a67-6e2...,7910.55,0,0,0.125,LOW,0.5698,0.9512
426,2023-05-02 10:51:00,5cbba4d0-3c5...,2454.43,0,0,0.125,LOW,0.5618,0.9512
427,2023-05-02 10:53:00,59684263-0e0...,4019.3,0,0,0.125,LOW,0.5538,0.9512
428,2023-05-02 11:07:00,81697ea2-f5d...,5000.0,0,1,0.6373,HIGH,0.695,0.9512
429,2023-05-02 11:08:00,37d50aaa-0ca...,172964.21,0,0,0.1595,LOW,0.5393,0.9512
430,2023-05-02 11:18:00,3b1e5d03-563...,188617.94,0,0,0.125,LOW,0.5698,0.9512
431,2023-05-02 11:41:00,7af28f6a-7ed...,10564.11,0,0,0.125,LOW,0.5538,0.9512
432,2023-05-02 11:41:00,800f26bb-ab1...,4611.41,0,0,0.125,LOW,0.5458,0.9512
433,2023-05-02 11:42:00,6ded4d28-8bc...,3129.66,0,0,0.194,LOW,0.5083,0.9512
434,2023-05-02 11:45:00,7aee3f20-61f...,24294.85,0,0,0.1595,LOW,0.5473,0.9512
435,2023-05-02 11:47:00,fceef9b3-981...,387.55,0,0,0.125,LOW,0.5698,0.9512
436,2023-05-02 11:48:00,81697ea2-f5d...,3361.5,0,0,0.6296,HIGH,0.6968,0.9512
437,2023-05-02 11:54:00,c991fb7a-f5c...,1201.89,0,0,0.125,LOW,0.5618,0.9512
438,2023-05-02 11:58:00,2ec2dfb2-193...,5306.0,0,0,0.125,LOW,0.5698,0.9512
439,2023-05-02 12:01:00,bbdf6837-aab...,3148.38,0,0,0.125,LOW,0.5778,0.9512
440,2023-05-02 12:03:00,9e342a67-6e2...,11380.8,0,0,0.125,LOW,0.5778,0.9512
441,2023-05-02 12:03:00,5cbba4d0-3c5...,2146.68,0,0,0.125,LOW,0.5698,0.9512
442,2023-05-02 12:04:00,59684263-0e0...,2086.71,0,0,0.125,LOW,0.5618,0.9512
443,2023-05-02 12:06:00,8df3fb3f-36b...,848.19,0,0,0.125,LOW,0.5538,0.9512
444,2023-05-02 12:09:00,37d50aaa-0ca...,15965.06,0,0,0.1595,LOW,0.5473,0.9512
445,2023-05-02 12:13:00,3b1e5d03-563...,124601.7,0,0,0.125,LOW,0.5778,0.9512
446,2023-05-02 12:23:00,7af28f6a-7ed...,12493.56,0,0,0.125,LOW,0.5618,0.9512
447,2023-05-02 12:30:00,800f26bb-ab1...,27582.85,0,0,0.125,LOW,0.5538,0.9512
448,2023-05-02 12:33:00,6ded4d28-8bc...,127413.36,0,0,0.194,LOW,0.5163,0.9512
449,2023-05-02 12:37:00,81697ea2-f5d...,500.0,0,1,0.6235,HIGH,0.6981,0.9512
450,2023-05-02 12:43:00,fceef9b3-981...,4709.52,0,0,0.125,LOW,0.5778,0.9512
451,2023-05-02 12:44:00,81697ea2-f5d...,66000.84,0,0,0.6235,HIGH,0.6981,0.9512
452,2023-05-02 12:55:00,c991fb7a-f5c...,1152.04,0,0,0.125,LOW,0.5698,0.9512
453,2023-05-02 12:55:00,2ec2dfb2-193...,201.44,1,0,0.2424,LOW,0.756,0.9512
454,2023-05-02 12:59:00,bbdf6837-aab...,258.09,0,0,0.125,LOW,0.5858,0.9512
455,2023-05-02 13:02:00,9e342a67-6e2...,296.75,0,0,0.125,LOW,0.5858,0.9512
456,2023-05-02 13:04:00,5cbba4d0-3c5...,351.47,0,0,0.125,LOW,0.5778,0.9512
457,2023-05-02 13:05:00,59684263-0e0...,11845.33,0,0,0.125,LOW,0.5698,0.9512
458,2023-05-02 13:06:00,8df3fb3f-36b...,32.37,0,0,0.125,LOW,0.5618,0.9512
459,2023-05-02 13:13:00,37d50aaa-0ca...,1441.19,0,0,0.1595,LOW,0.5553,0.9512
460,2023-05-02 13:15:00,3b1e5d03-563...,31065.5,0,0,0.125,LOW,0.5858,0.9512
461,2023-05-02 13:18:00,7af28f6a-7ed...,2643.81,0,0,0.125,LOW,0.5698,0.9512
462,2023-05-02 13:20:00,800f26bb-ab1...,1044.53,0,0,0.125,LOW,0.5618,0.9512
463,2023-05-02 13:30:00,81697ea2-f5d...,500.0,0,1,0.614,HIGH,0.6999,0.9512
464,2023-05-02 13:37:00,7aee3f20-61f...,2742.77,0,0,0.1595,LOW,0.5553,0.9512
465,2023-05-02 13:44:00,fceef9b3-981...,9194.51,0,0,0.125,LOW,0.5858,0.9512
466,2023-05-02 13:48:00,81697ea2-f5d...,8681.23,0,0,0.614,HIGH,0.6999,0.9512
467,2023-05-02 13:54:00,c991fb7a-f5c...,3241.32,0,0,0.125,LOW,0.5778,0.9512
468,2023-05-02 13:59:00,2ec2dfb2-193...,195.75,0,0,0.1595,LOW,0.5633,0.9512
469,2023-05-02 13:59:00,bbdf6837-aab...,3091.88,0,0,0.125,LOW,0.5938,0.9512
470,2023-05-02 14:00:00,9e342a67-6e2...,284.23,0,0,0.125,LOW,0.5938,0.9512
471,2023-05-02 14:01:00,81697ea2-f5d...,1000.0,0,1,0.6158,HIGH,0.6996,0.9512
472,2023-05-02 14:05:00,59684263-0e0...,6673.73,0,0,0.125,LOW,0.5778,0.9512
473,2023-05-02 14:06:00,8df3fb3f-36b...,3117.62,0,0,0.125,LOW,0.5698,0.9512
474,2023-05-02 14:14:00,37d50aaa-0ca...,10180.16,0,0,0.1595,LOW,0.5633,0.9512
475,2023-05-02 14:19:00,3b1e5d03-563...,2204.86,0,0,0.125,LOW,0.5938,0.9512
476,2023-05-02 14:23:00,81697ea2-f5d...,5000.0,0,1,0.6175,HIGH,0.6993,0.9512
477,2023-05-02 14:23:00,800f26bb-ab1...,338367.2,0,0,0.125,LOW,0.5698,0.9512
478,2023-05-02 14:38:00,6ded4d28-8bc...,114960.47,0,0,0.194,LOW,0.5243,0.9512
479,2023-05-02 14:42:00,7aee3f20-61f...,108520.94,0,0,0.1595,LOW,0.5633,0.9512
480,2023-05-02 14:42:00,fceef9b3-981...,30167.3,0,0,0.125,LOW,0.5938,0.9512
481,2023-05-02 14:50:00,81697ea2-f5d...,205.9,0,0,0.6175,HIGH,0.6993,0.9512
482,2023-05-02 14:59:00,c991fb7a-f5c...,559.34,0,0,0.125,LOW,0.5858,0.9512
483,2023-05-02 15:02:00,81697ea2-f5d...,500.0,0,1,0.6191,HIGH,0.699,0.9512
484,2023-05-02 15:31:00,bbdf6837-aab...,2596.34,0,0,0.125,LOW,0.6018,0.9512
485,2023-05-02 15:36:00,9e342a67-6e2...,330.58,0,0,0.125,LOW,0.6018,0.9512
486,2023-05-02 15:43:00,5cbba4d0-3c5...,1532.95,0,0,0.125,LOW,0.5858,0.9512
487,2023-05-02 15:44:00,59684263-0e0...,16375.3,0,0,0.125,LOW,0.5858,0.9512
488,2023-05-02 15:44:00,8df3fb3f-36b...,153477.06,0,0,0.125,LOW,0.5778,0.9512
489,2023-05-02 15:46:00,37d50aaa-0ca...,683.15,0,0,0.1595,LOW,0.5713,0.9512
490,2023-05-02 15:53:00,3b1e5d03-563...,48866.68,0,0,0.125,LOW,0.6018,0.9512
491,2023-05-02 15:54:00,7af28f6a-7ed...,18710.1,0,0,0.125,LOW,0.5778,0.9512
492,2023-05-02 16:00:00,800f26bb-ab1...,6437.6,0,0,0.125,LOW,0.5778,0.9512
493,2023-05-02 16:10:00,81697ea2-f5d...,1000.0,0,1,0.6207,HIGH,0.6987,0.9512
494,2023-05-02 16:14:00,7aee3f20-61f...,6936.06,0,0,0.1595,LOW,0.5713,0.9512
495,2023-05-02 16:15:00,fceef9b3-981...,1382.32,0,0,0.125,LOW,0.6018,0.9512
496,2023-05-02 16:16:00,81697ea2-f5d...,1215887.69,0,0,0.6207,HIGH,0.6987,0.9512
497,2023-05-02 16:19:00,c991fb7a-f5c...,6016.19,0,0,0.125,LOW,0.5938,0.9512
498,2023-05-02 16:33:00,2ec2dfb2-193...,127627.8,0,0,0.1595,LOW,0.5713,0.9512
499,2023-05-02 16:34:00,bbdf6837-aab...,10740.19,0,0,0.125,LOW,0.6098,0.9512
500,2023-05-02 16:36:00,81697ea2-f5d...,1000.0,0,1,0.6221,HIGH,0.6984,0.9512
501,2023-05-02 16:42:00,5cbba4d0-3c5...,2309.39,0,0,0.125,LOW,0.5938,0.9512
502,2023-05-02 16:43:00,59684263-0e0...,19189.03,0,0,0.125,LOW,0.5938,0.9512
503,2023-05-02 16:47:00,8df3fb3f-36b...,146.0,0,0,0.125,LOW,0.5858,0.9512
504,2023-05-02 16:49:00,37d50aaa-0ca...,417.48,0,0,0.1595,LOW,0.5793,0.9512
505,2023-05-02 16:51:00,3b1e5d03-563...,1539.3,0,0,0.125,LOW,0.6098,0.9512
506,2023-05-02 16:52:00,7af28f6a-7ed...,100.99,0,0,0.125,LOW,0.5858,0.9512
507,2023-05-02 17:05:00,800f26bb-ab1...,2025.15,0,0,0.125,LOW,0.5858,0.9512
508,2023-05-02 17:07:00,6ded4d28-8bc...,32.69,0,0,0.194,LOW,0.5323,0.9512
509,2023-05-02 17:11:00,7aee3f20-61f...,427.59,0,0,0.1595,LOW,0.5793,0.9512
510,2023-05-02 17:14:00,fceef9b3-981...,727.6,0,0,0.125,LOW,0.6098,0.9512
511,2023-05-02 17:30:00,81697ea2-f5d...,850.28,0,0,0.6221,HIGH,0.6984,0.9512
512,2023-05-02 17:36:00,c991fb7a-f5c...,92.65,0,0,0.125,LOW,0.6018,0.9512
513,2023-05-02 17:37:00,2ec2dfb2-193...,2640.77,0,0,0.1595,LOW,0.5793,0.9512
514,2023-05-02 17:42:00,bbdf6837-aab...,1059.91,0,0,0.125,LOW,0.6178,0.9512
515,2023-05-02 17:49:00,9e342a67-6e2...,3854.59,0,0,0.125,LOW,0.6098,0.9512
516,2023-05-02 17:51:00,5cbba4d0-3c5...,192.9,0,0,0.125,LOW,0.6018,0.9512
517,2023-05-02 17:54:00,59684263-0e0...,303.71,0,0,0.125,LOW,0.6018,0.9512
518,2023-05-02 18:03:00,8df3fb3f-36b...,5830.68,0,0,0.125,LOW,0.5938,0.9512
519,2023-05-02 18:10:00,81697ea2-f5d...,2000.0,0,1,0.6235,HIGH,0.6981,0.9512
520,2023-05-02 18:11:00,81697ea2-f5d...,1000.0,0,1,0.6249,HIGH,0.6978,0.9512
521,2023-05-02 18:11:00,7af28f6a-7ed...,494.9,0,0,0.125,LOW,0.5938,0.9512
522,2023-05-02 18:13:00,81697ea2-f5d...,1000.0,0,1,0.6262,HIGH,0.6976,0.9512
523,2023-05-02 18:18:00,6ded4d28-8bc...,511.91,0,0,0.194,LOW,0.5403,0.9512
524,2023-05-02 18:19:00,7aee3f20-61f...,7398.28,0,0,0.1595,LOW,0.5873,0.9512
525,2023-05-02 18:21:00,fceef9b3-981...,691.84,0,0,0.125,LOW,0.6178,0.9512
526,2023-05-02 18:37:00,81697ea2-f5d...,389.61,0,0,0.6231,HIGH,0.6982,0.9512
527,2023-05-02 18:41:00,c991fb7a-f5c...,6107.16,0,0,0.125,LOW,0.6098,0.9512
528,2023-05-02 18:46:00,2ec2dfb2-193...,100942.8,0,0,0.1595,LOW,0.5873,0.9512
529,2023-05-02 18:49:00,bbdf6837-aab...,103261.14,0,0,0.125,LOW,0.6258,0.9512
530,2023-05-02 19:08:00,9e342a67-6e2...,466.41,0,0,0.125,LOW,0.6178,0.9512
531,2023-05-02 19:12:00,5cbba4d0-3c5...,664.74,0,0,0.125,LOW,0.6098,0.9512
532,2023-05-02 19:16:00,59684263-0e0...,713.58,0,0,0.125,LOW,0.6098,0.9512
533,2023-05-02 19:26:00,8df3fb3f-36b...,1550.58,0,0,0.125,LOW,0.6018,0.9512
534,2023-05-02 19:37:00,37d50aaa-0ca...,33791.38,0,0,0.1595,LOW,0.5873,0.9512
535,2023-05-02 19:51:00,3b1e5d03-563...,1364.45,0,0,0.125,LOW,0.6178,0.9512
536,2023-05-02 19:51:00,7af28f6a-7ed...,3881.03,0,0,0.125,LOW,0.6018,0.9512
537,2023-05-02 19:53:00,800f26bb-ab1...,9427.78,0,0,0.125,LOW,0.5938,0.9512
538,2023-05-02 19:55:00,6ded4d28-8bc...,20013.41,0,0,0.194,LOW,0.5483,0.9512
539,2023-05-02 19:57:00,7aee3f20-61f...,944.27,0,0,0.1595,LOW,0.5953,0.9512
540,2023-05-02 20:10:00,fceef9b3-981...,1000.29,0,0,0.125,LOW,0.6258,0.9512
541,2023-05-02 20:12:00,81697ea2-f5d...,11130.98,0,0,0.6049,HIGH,0.7013,0.9512
542,2023-05-02 20:16:00,c991fb7a-f5c...,561.43,0,0,0.125,LOW,0.6178,0.9512
543,2023-05-02 20:17:00,2ec2dfb2-193...,1895.85,0,0,0.1595,LOW,0.5953,0.9512
544,2023-05-02 20:17:00,bbdf6837-aab...,816.28,0,0,0.125,LOW,0.6338,0.9512
545,2023-05-02 20:20:00,9e342a67-6e2...,628.13,0,0,0.125,LOW,0.6258,0.9512
546,2023-05-02 20:22:00,5cbba4d0-3c5...,1318882.66,0,0,0.125,LOW,0.6178,0.9512
547,2023-05-02 20:28:00,59684263-0e0...,115.88,0,0,0.125,LOW,0.6178,0.9512
548,2023-05-02 20:33:00,8df3fb3f-36b...,174715.31,0,0,0.125,LOW,0.6098,0.9512
549,2023-05-02 20:35:00,37d50aaa-0ca...,1553.15,0,0,0.1595,LOW,0.5953,0.9512
550,2023-05-02 20:38:00,3b1e5d03-563...,750.33,0,0,0.125,LOW,0.6258,0.9512
551,2023-05-02 20:38:00,7af28f6a-7ed...,442.44,0,0,0.125,LOW,0.6098,0.9512
552,2023-05-02 20:39:00,81697ea2-f5d...,1000.0,0,1,0.6066,HIGH,0.701,0.9512
553,2023-05-02 20:42:00,6ded4d28-8bc...,312.05,0,0,0.194,LOW,0.5563,0.9512
554,2023-05-02 20:47:00,7aee3f20-61f...,2510.44,0,0,0.1595,LOW,0.6033,0.9512
555,2023-05-02 20:55:00,81697ea2-f5d...,5000.0,0,1,0.6082,HIGH,0.7008,0.9512
556,2023-05-02 21:00:00,81697ea2-f5d...,871.3,0,0,0.6082,HIGH,0.7008,0.9512
557,2023-05-02 21:02:00,c991fb7a-f5c...,1280.57,0,0,0.125,LOW,0.6258,0.9512
558,2023-05-02 21:03:00,81697ea2-f5d...,2000.0,0,1,0.6097,HIGH,0.7006,0.9512
559,2023-05-02 21:10:00,bbdf6837-aab...,712.07,0,0,0.125,LOW,0.6418,0.9512
560,2023-05-02 21:13:00,9e342a67-6e2...,323.35,0,0,0.125,LOW,0.6338,0.9512
561,2023-05-02 21:20:00,5cbba4d0-3c5...,4549.85,0,0,0.125,LOW,0.6258,0.9512
562,2023-05-02 21:34:00,59684263-0e0...,10896.6,0,0,0.125,LOW,0.6258,0.9512
563,2023-05-02 21:35:00,8df3fb3f-36b...,3114.09,0,0,0.125,LOW,0.6178,0.9512
564,2023-05-02 21:35:00,37d50aaa-0ca...,6563.9,0,0,0.1595,LOW,0.6033,0.9512
565,2023-05-02 21:39:00,3b1e5d03-563...,2339.33,0,0,0.125,LOW,0.6338,0.9512
566,2023-05-02 21:43:00,7af28f6a-7ed...,284.42,0,0,0.125,LOW,0.6178,0.9512
567,2023-05-02 21:45:00,800f26bb-ab1...,2138.11,0,0,0.125,LOW,0.6018,0.9512
568,2023-05-02 22:04:00,81697ea2-f5d...,1000.0,0,1,0.6562,HIGH,0.7003,0.9512
569,2023-05-02 22:10:00,7aee3f20-61f...,1109.74,0,0,0.2045,LOW,0.6113,0.9512
570,2023-05-02 22:13:00,fceef9b3-981...,1736.92,0,0,0.17,LOW,0.6338,0.9512
571,2023-05-02 22:19:00,81697ea2-f5d...,1460.87,0,0,0.6562,HIGH,0.7003,0.9512
572,2023-05-02 22:21:00,c991fb7a-f5c...,26799.32,0,0,0.17,LOW,0.6338,0.9512
573,2023-05-02 22:23:00,2ec2dfb2-193...,1377.41,0,0,0.2045,LOW,0.6033,0.9512
574,2023-05-02 22:32:00,bbdf6837-aab...,334.2,0,0,0.17,LOW,0.6498,0.9512
575,2023-05-02 22:38:00,9e342a67-6e2...,5945.73,0,0,0.17,LOW,0.6418,0.9512
576,2023-05-02 22:43:00,5cbba4d0-3c5...,53169.89,0,0,0.17,LOW,0.6338,0.9512
577,2023-05-02 22:45:00,59684263-0e0...,26132.2,0,0,0.17,LOW,0.6338,0.9512
578,2023-05-02 22:53:00,8df3fb3f-36b...,117.69,0,0,0.17,LOW,0.6258,0.9512
579,2023-05-02 22:56:00,37d50aaa-0ca...,2713.67,0,0,0.2045,LOW,0.6113,0.9512
580,2023-05-02 23:06:00,81697ea2-f5d...,500.0,0,1,0.6576,HIGH,0.7001,0.9512
581,2023-05-02 23:07:00,7af28f6a-7ed...,146.12,0,0,0.17,LOW,0.6258,0.9512
582,2023-05-02 23:07:00,800f26bb-ab1...,21813.77,0,0,0.17,LOW,0.6098,0.9512
583,2023-05-02 23:07:00,6ded4d28-8bc...,175872.12,0,0,0.239,LOW,0.5643,0.9512
584,2023-05-02 23:13:00,7aee3f20-61f...,419.48,0,0,0.2045,LOW,0.6193,0.9512
585,2023-05-02 23:13:00,fceef9b3-981...,6662.28,0,0,0.17,LOW,0.6418,0.9512
586,2023-05-02 23:18:00,81697ea2-f5d...,51835.93,0,0,0.6576,HIGH,0.7001,0.9512
587,2023-05-02 23:18:00,c991fb7a-f5c...,23458.89,0,0,0.17,LOW,0.6418,0.9512
588,2023-05-02 23:19:00,2ec2dfb2-193...,248.96,0,0,0.2045,LOW,0.6113,0.9512
589,2023-05-02 23:25:00,bbdf6837-aab...,212.33,0,0,0.17,LOW,0.6578,0.9512
590,2023-05-02 23:30:00,9e342a67-6e2...,4378.31,0,0,0.17,LOW,0.6498,0.9512
591,2023-05-02 23:31:00,5cbba4d0-3c5...,255981.99,0,0,0.17,LOW,0.6418,0.9512
592,2023-05-02 23:35:00,59684263-0e0...,609.3,0,0,0.17,LOW,0.6418,0.9512
593,2023-05-02 23:39:00,8df3fb3f-36b...,6404.44,0,0,0.17,LOW,0.6338,0.9512
594,2023-05-02 23:40:00,37d50aaa-0ca...,1080.51,0,0,0.2045,LOW,0.6193,0.9512
595,2023-05-02 23:43:00,3b1e5d03-563...,2234.57,0,0,0.17,LOW,0.6418,0.9512
596,2023-05-02 23:49:00,7af28f6a-7ed...,9776.27,0,0,0.17,LOW,0.6338,0.9512
597,2023-05-02 23:51:00,800f26bb-ab1...,1588.57,0,0,0.17,LOW,0.6178,0.9512
598,2023-05-02 23:57:00,81697ea2-f5d...,2000.0,0,1,0.6536,HIGH,0.7007,0.9512
599,2023-05-02 23:59:00,7aee3f20-61f...,2610.93,0,0,0.2045,LOW,0.6273,0.9512
600,2023-05-03 00:00:00,fceef9b3-981...,543.39,0,0,0.17,LOW,0.6498,0.9512
601,2023-05-03 00:05:00,81697ea2-f5d...,122.43,0,0,0.6509,HIGH,0.7011,0.9512
602,2023-05-03 00:25:00,c991fb7a-f5c...,1305.63,0,0,0.17,LOW,0.6498,0.9512
603,2023-05-03 00:33:00,2ec2dfb2-193...,11902.74,0,0,0.2045,LOW,0.6193,0.9512
604,2023-05-03 00:33:00,81697ea2-f5d...,5000.0,0,1,0.6498,HIGH,0.7013,0.9512
605,2023-05-03 00:36:00,9e342a67-6e2...,614591.24,0,0,0.17,LOW,0.6578,0.9512
606,2023-05-03 00:37:00,5cbba4d0-3c5...,412.72,0,0,0.17,LOW,0.6498,0.9512
607,2023-05-03 00:38:00,59684263-0e0...,6377.8,0,0,0.17,LOW,0.6498,0.9512
608,2023-05-03 00:49:00,8df3fb3f-36b...,6762.41,0,0,0.17,LOW,0.6418,0.9512
609,2023-05-03 00:51:00,37d50aaa-0ca...,628853.76,0,0,0.2045,LOW,0.6273,0.9512
610,2023-05-03 01:02:00,3b1e5d03-563...,42965.75,0,0,0.17,LOW,0.6498,0.9512
611,2023-05-03 01:02:00,81697ea2-f5d...,1000.0,0,1,0.6486,HIGH,0.7014,0.9512
612,2023-05-03 01:04:00,800f26bb-ab1...,2645.74,0,0,0.17,LOW,0.6258,0.9512
613,2023-05-03 01:04:00,6ded4d28-8bc...,258.37,0,0,0.239,LOW,0.5723,0.9512
614,2023-05-03 01:11:00,7aee3f20-61f...,92944.21,0,0,0.2045,LOW,0.6353,0.9512
615,2023-05-03 01:15:00,fceef9b3-981...,788.6,0,0,0.17,LOW,0.6578,0.9512
616,2023-05-03 01:17:00,81697ea2-f5d...,135495.41,0,0,0.6486,HIGH,0.7014,0.9512
617,2023-05-03 01:17:00,c991fb7a-f5c...,2243.14,0,0,0.17,LOW,0.6578,0.9512
618,2023-05-03 01:22:00,2ec2dfb2-193...,575.85,0,0,0.2045,LOW,0.6273,0.9512
619,2023-05-03 01:24:00,bbdf6837-aab...,3556.47,0,0,0.17,LOW,0.6658,0.9512
620,2023-05-03 01:27:00,9e342a67-6e2...,279.36,0,0,0.17,LOW,0.6658,0.9512
621,2023-05-03 01:28:00,81697ea2-f5d...,500.0,0,1,0.6501,HIGH,0.7012,0.9512
622,2023-05-03 01:31:00,59684263-0e0...,130.72,0,0,0.17,LOW,0.6578,0.9512
623,2023-05-03 01:40:00,8df3fb3f-36b...,1188.44,0,0,0.17,LOW,0.6498,0.9512
624,2023-05-03 01:44:00,37d50aaa-0ca...,49127.11,0,0,0.2045,LOW,0.6353,0.9512
625,2023-05-03 01:44:00,3b1e5d03-563...,9694.81,0,0,0.17,LOW,0.6578,0.9512
626,2023-05-03 01:46:00,7af28f6a-7ed...,1294.26,0,0,0.17,LOW,0.6418,0.9512
627,2023-05-03 01:49:00,81697ea2-f5d...,5000.0,0,1,0.6515,HIGH,0.701,0.9512
628,2023-05-03 01:58:00,6ded4d28-8bc...,332.52,0,0,0.239,LOW,0.5803,0.9512
629,2023-05-03 02:04:00,7aee3f20-61f...,2296.07,0,0,0.2045,LOW,0.6433,0.9512
630,2023-05-03 02:04:00,fceef9b3-981...,943.51,0,0,0.17,LOW,0.6658,0.9512
631,2023-05-03 02:09:00,81697ea2-f5d...,39898.66,0,0,0.6515,HIGH,0.701,0.9512
632,2023-05-03 02:10:00,c991fb7a-f5c...,5079.31,0,0,0.17,LOW,0.6658,0.9512
633,2023-05-03 02:17:00,81697ea2-f5d...,5000.0,0,1,0.6529,HIGH,0.7008,0.9512
634,2023-05-03 02:19:00,bbdf6837-aab...,2918.75,0,0,0.17,LOW,0.6738,0.9512
635,2023-05-03 02:28:00,81697ea2-f5d...,5000.0,0,1,0.6542,HIGH,0.7006,0.9512
636,2023-05-03 02:30:00,5cbba4d0-3c5...,934.9,0,0,0.17,LOW,0.6578,0.9512
637,2023-05-03 02:33:00,59684263-0e0...,253.71,0,0,0.17,LOW,0.6658,0.9512
638,2023-05-03 02:33:00,8df3fb3f-36b...,1467.41,0,0,0.17,LOW,0.6578,0.9512
639,2023-05-03 02:36:00,37d50aaa-0ca...,2438.39,0,0,0.2045,LOW,0.6433,0.9512
640,2023-05-03 02:42:00,3b1e5d03-563...,1016.07,0,0,0.17,LOW,0.6658,0.9512
641,2023-05-03 02:47:00,7af28f6a-7ed...,428.19,0,0,0.17,LOW,0.6498,0.9512
642,2023-05-03 02:50:00,800f26bb-ab1...,16158.48,0,0,0.17,LOW,0.6338,0.9512
643,2023-05-03 02:58:00,6ded4d28-8bc...,1584.56,0,0,0.239,LOW,0.5883,0.9512
644,2023-05-03 02:59:00,7aee3f20-61f...,8772.66,0,0,0.2045,LOW,0.6513,0.9512
645,2023-05-03 03:10:00,fceef9b3-981...,286815.82,0,0,0.17,LOW,0.6738,0.9512
646,2023-05-03 03:14:00,81697ea2-f5d...,2441.02,0,0,0.6518,HIGH,0.701,0.9512
647,2023-05-03 03:15:00,c991fb7a-f5c...,3133.78,0,0,0.17,LOW,0.6738,0.9512
648,2023-05-03 03:19:00,2ec2dfb2-193...,523.45,0,0,0.2045,LOW,0.6353,0.9512
649,2023-05-03 03:25:00,bbdf6837-aab...,2969.1,0,0,0.17,LOW,0.6818,0.9512
650,2023-05-03 03:27:00,9e342a67-6e2...,448.44,0,0,0.17,LOW,0.6738,0.9512
651,2023-05-03 03:34:00,5cbba4d0-3c5...,3922.54,0,0,0.17,LOW,0.6658,0.9512
652,2023-05-03 03:38:00,59684263-0e0...,283990.85,0,0,0.17,LOW,0.6738,0.9512
653,2023-05-03 03:41:00,8df3fb3f-36b...,2576.58,0,0,0.17,LOW,0.6658,0.9512
654,2023-05-03 03:41:00,37d50aaa-0ca...,639852.06,0,0,0.2045,LOW,0.6513,0.9512
655,2023-05-03 03:44:00,3b1e5d03-563...,18335.22,0,0,0.17,LOW,0.6738,0.9512
656,2023-05-03 03:49:00,7af28f6a-7ed...,32820.47,0,0,0.17,LOW,0.6578,0.9512
657,2023-05-03 03:52:00,800f26bb-ab1...,539.35,0,0,0.17,LOW,0.6418,0.9512
658,2023-05-03 03:54:00,6ded4d28-8bc...,442.33,0,0,0.239,LOW,0.5963,0.9512
659,2023-05-03 03:56:00,7aee3f20-61f...,128.62,0,0,0.2045,LOW,0.6593,0.9512
660,2023-05-03 04:09:00,fceef9b3-981...,1574.17,0,0,0.17,LOW,0.6818,0.9512
661,2023-05-03 04:10:00,81697ea2-f5d...,3054.59,0,0,0.6518,HIGH,0.701,0.9512
662,2023-05-03 04:18:00,c991fb7a-f5c...,341.11,0,0,0.17,LOW,0.6818,0.9512
663,2023-05-03 04:23:00,2ec2dfb2-193...,466.49,0,0,0.2045,LOW,0.6433,0.9512
664,2023-05-03 04:24:00,bbdf6837-aab...,48646.64,0,0,0.17,LOW,0.6898,0.9512
665,2023-05-03 04:28:00,9e342a67-6e2...,1882.32,0,0,0.17,LOW,0.6818,0.9512
666,2023-05-03 04:33:00,81697ea2-f5d...,2000.0,0,1,0.6531,HIGH,0.7008,0.9512
667,2023-05-03 04:33:00,59684263-0e0...,92.91,0,0,0.17,LOW,0.6818,0.9512
668,2023-05-03 04:34:00,8df3fb3f-36b...,1620.69,0,0,0.17,LOW,0.6738,0.9512
669,2023-05-03 04:36:00,37d50aaa-0ca...,12900.54,0,0,0.2045,LOW,0.6593,0.9512
670,2023-05-03 04:38:00,3b1e5d03-563...,531.24,0,0,0.17,LOW,0.6818,0.9512
671,2023-05-03 04:48:00,81697ea2-f5d...,2000.0,0,1,0.6543,HIGH,0.7006,0.9512
672,2023-05-03 04:50:00,800f26bb-ab1...,32353.37,0,0,0.17,LOW,0.6498,0.9512
673,2023-05-03 04:57:00,6ded4d28-8bc...,3418.22,0,0,0.239,LOW,0.6043,0.9512
674,2023-05-03 04:57:00,7aee3f20-61f...,130637.26,0,0,0.2045,LOW,0.6673,0.9512
675,2023-05-03 05:06:00,fceef9b3-981...,510.8,0,0,0.125,LOW,0.6898,0.9512
676,2023-05-03 05:16:00,81697ea2-f5d...,3000.0,0,1,0.6106,HIGH,0.7004,0.9512
677,2023-05-03 05:18:00,81697ea2-f5d...,10000.0,0,1,0.6117,HIGH,0.7002,0.9512
678,2023-05-03 05:19:00,81697ea2-f5d...,500.0,0,1,0.6129,HIGH,0.7001,0.9512
679,2023-05-03 05:30:00,81697ea2-f5d...,2000.0,0,1,0.6096,HIGH,0.7006,0.9512
680,2023-05-03 05:37:00,9e342a67-6e2...,2318.02,0,0,0.125,LOW,0.6898,0.9512
681,2023-05-03 05:37:00,81697ea2-f5d...,1000.0,0,1,0.6108,HIGH,0.7004,0.9512
682,2023-05-03 05:40:00,59684263-0e0...,226.49,0,0,0.125,LOW,0.6898,0.9512
683,2023-05-03 05:41:00,8df3fb3f-36b...,1873.35,0,0,0.125,LOW,0.6818,0.9512
684,2023-05-03 05:47:00,37d50aaa-0ca...,868.18,0,0,0.1595,LOW,0.6673,0.9512
685,2023-05-03 05:51:00,3b1e5d03-563...,317.42,0,0,0.125,LOW,0.6898,0.9512
686,2023-05-03 05:53:00,7af28f6a-7ed...,1089.89,0,0,0.125,LOW,0.6658,0.9512
687,2023-05-03 05:54:00,800f26bb-ab1...,175.38,0,0,0.125,LOW,0.6578,0.9512
688,2023-05-03 05:58:00,6ded4d28-8bc...,2384.1,0,0,0.194,LOW,0.6123,0.9512
689,2023-05-03 05:58:00,7aee3f20-61f...,16392.41,0,0,0.1595,LOW,0.6753,0.9512
690,2023-05-03 05:59:00,fceef9b3-981...,68.67,0,0,0.125,LOW,0.6978,0.9512
691,2023-05-03 06:06:00,81697ea2-f5d...,5850.41,0,0,0.6108,HIGH,0.7004,0.9512
692,2023-05-03 06:08:00,c991fb7a-f5c...,2697.34,0,0,0.125,LOW,0.6898,0.9512
693,2023-05-03 06:08:00,2ec2dfb2-193...,2913.18,0,0,0.1595,LOW,0.6513,0.9512
694,2023-05-03 06:27:00,bbdf6837-aab...,1465.2,0,0,0.125,LOW,0.6978,0.9512
695,2023-05-03 06:37:00,9e342a67-6e2...,8520.08,0,0,0.125,LOW,0.6978,0.9512
696,2023-05-03 06:39:00,5cbba4d0-3c5...,1816.33,0,0,0.125,LOW,0.6738,0.9512
697,2023-05-03 06:48:00,59684263-0e0...,171.33,0,0,0.125,LOW,0.6978,0.9512
698,2023-05-03 06:49:00,8df3fb3f-36b...,434.59,0,0,0.125,LOW,0.6898,0.9512
699,2023-05-03 06:50:00,37d50aaa-0ca...,59551.49,1,0,0.2769,LOW,0.8564,0.9512
700,2023-05-03 06:53:00,3b1e5d03-563...,221290.9,0,0,0.125,LOW,0.6978,0.9512
701,2023-05-03 06:53:00,81697ea2-f5d...,2000.0,0,1,0.6119,HIGH,0.7002,0.9512
702,2023-05-03 07:03:00,800f26bb-ab1...,736.6,0,0,0.125,LOW,0.6658,0.9512
703,2023-05-03 07:03:00,6ded4d28-8bc...,191.08,0,0,0.194,LOW,0.6203,0.9512
704,2023-05-03 07:04:00,81697ea2-f5d...,1000.0,0,1,0.613,HIGH,0.7,0.9512
705,2023-05-03 07:06:00,fceef9b3-981...,5870.38,0,0,0.125,LOW,0.7058,0.9512
706,2023-05-03 07:08:00,81697ea2-f5d...,888.96,0,0,0.613,HIGH,0.7,0.9512
707,2023-05-03 07:12:00,c991fb7a-f5c...,61665.7,0,0,0.125,LOW,0.6978,0.9512
708,2023-05-03 07:14:00,2ec2dfb2-193...,5581.83,0,0,0.1595,LOW,0.6593,0.9512
709,2023-05-03 07:28:00,81697ea2-f5d...,5000.0,0,1,0.614,HIGH,0.6999,0.9512
710,2023-05-03 07:30:00,9e342a67-6e2...,15951.9,0,0,0.125,LOW,0.7058,0.9512
711,2023-05-03 07:30:00,5cbba4d0-3c5...,649.46,0,0,0.125,LOW,0.6818,0.9512
712,2023-05-03 07:36:00,81697ea2-f5d...,5000.0,0,1,0.615,HIGH,0.6997,0.9512
713,2023-05-03 07:39:00,8df3fb3f-36b...,101802.51,0,0,0.125,LOW,0.6978,0.9512
714,2023-05-03 07:45:00,37d50aaa-0ca...,724.39,0,0,0.194,LOW,0.6603,0.9512
715,2023-05-03 07:57:00,3b1e5d03-563...,4540.19,0,0,0.125,LOW,0.7058,0.9512
716,2023-05-03 08:07:00,7af28f6a-7ed...,1399.37,0,0,0.125,LOW,0.6738,0.9512
717,2023-05-03 08:11:00,800f26bb-ab1...,271.52,0,0,0.125,LOW,0.6738,0.9512
718,2023-05-03 08:17:00,6ded4d28-8bc...,10591.56,1,0,0.3114,MEDIUM,0.8114,0.9512
719,2023-05-03 08:31:00,81697ea2-f5d...,5000.0,0,1,0.616,HIGH,0.6995,0.9512
720,2023-05-03 08:31:00,81697ea2-f5d...,5000.0,0,1,0.617,HIGH,0.6994,0.9512
721,2023-05-03 08:34:00,81697ea2-f5d...,1291.92,0,0,0.617,HIGH,0.6994,0.9512
722,2023-05-03 08:39:00,c991fb7a-f5c...,377.55,0,0,0.125,LOW,0.7058,0.9512
723,2023-05-03 08:47:00,2ec2dfb2-193...,1564.76,0,0,0.1595,LOW,0.6673,0.9512
724,2023-05-03 08:48:00,81697ea2-f5d...,500.0,0,1,0.6179,HIGH,0.6992,0.9512
725,2023-05-03 08:49:00,9e342a67-6e2...,567.93,0,0,0.125,LOW,0.7138,0.9512
726,2023-05-03 08:58:00,5cbba4d0-3c5...,968.5,0,0,0.125,LOW,0.6898,0.9512
727,2023-05-03 09:03:00,59684263-0e0...,11266.88,0,0,0.125,LOW,0.7058,0.9512
728,2023-05-03 09:05:00,8df3fb3f-36b...,8919.1,0,0,0.125,LOW,0.7058,0.9512
729,2023-05-03 09:08:00,37d50aaa-0ca...,364.69,0,0,0.194,LOW,0.6683,0.9512
730,2023-05-03 09:09:00,3b1e5d03-563...,1002.91,0,0,0.125,LOW,0.7138,0.9512
731,2023-05-03 09:09:00,81697ea2-f5d...,3000.0,0,1,0.6188,HIGH,0.699,0.9512
732,2023-05-03 09:10:00,800f26bb-ab1...,484.25,0,0,0.125,LOW,0.6818,0.9512
733,2023-05-03 09:14:00,6ded4d28-8bc...,3286.51,0,0,0.2285,LOW,0.6132,0.9512
734,2023-05-03 09:19:00,7aee3f20-61f...,373.36,0,0,0.1595,LOW,0.6833,0.9512
735,2023-05-03 09:24:00,fceef9b3-981...,1553.7,0,0,0.125,LOW,0.7138,0.9512
736,2023-05-03 09:24:00,81697ea2-f5d...,170240.18,0,0,0.6188,HIGH,0.699,0.9512
737,2023-05-03 09:37:00,c991fb7a-f5c...,14176.39,0,0,0.125,LOW,0.7138,0.9512
738,2023-05-03 09:38:00,2ec2dfb2-193...,53905.93,0,0,0.1595,LOW,0.6753,0.9512
739,2023-05-03 09:41:00,bbdf6837-aab...,4483.17,0,0,0.125,LOW,0.7058,0.9512
740,2023-05-03 09:50:00,9e342a67-6e2...,7647.93,0,0,0.125,LOW,0.7218,0.9512
741,2023-05-03 09:53:00,5cbba4d0-3c5...,3599.29,0,0,0.125,LOW,0.6978,0.9512
742,2023-05-03 09:55:00,59684263-0e0...,8049.38,0,0,0.125,LOW,0.7138,0.9512
743,2023-05-03 09:56:00,8df3fb3f-36b...,560.4,0,0,0.125,LOW,0.7138,0.9512
744,2023-05-03 09:56:00,37d50aaa-0ca...,1752.71,0,0,0.194,LOW,0.6763,0.9512
745,2023-05-03 10:02:00,3b1e5d03-563...,5245.86,0,0,0.125,LOW,0.7218,0.9512
746,2023-05-03 10:06:00,7af28f6a-7ed...,8455.37,0,0,0.125,LOW,0.6818,0.9512
747,2023-05-03 10:12:00,81697ea2-f5d...,500.0,0,1,0.6197,HIGH,0.6989,0.9512
748,2023-05-03 10:15:00,6ded4d28-8bc...,7938.71,0,0,0.2285,LOW,0.6212,0.9512
749,2023-05-03 10:25:00,7aee3f20-61f...,546.39,0,0,0.1595,LOW,0.6913,0.9512
750,2023-05-03 10:25:00,fceef9b3-981...,1060.05,0,0,0.125,LOW,0.7218,0.9512
751,2023-05-03 10:37:00,81697ea2-f5d...,2632.51,0,0,0.6178,HIGH,0.6992,0.9512
752,2023-05-03 10:37:00,c991fb7a-f5c...,37136.69,0,0,0.125,LOW,0.7218,0.9512
753,2023-05-03 10:43:00,2ec2dfb2-193...,5479.97,0,0,0.1595,LOW,0.6833,0.9512
754,2023-05-03 10:43:00,bbdf6837-aab...,2273.95,0,0,0.125,LOW,0.7138,0.9512
755,2023-05-03 10:43:00,9e342a67-6e2...,185.5,0,0,0.125,LOW,0.7298,0.9512
756,2023-05-03 10:50:00,5cbba4d0-3c5...,392.81,0,0,0.125,LOW,0.7058,0.9512
757,2023-05-03 10:50:00,59684263-0e0...,3766.81,0,0,0.125,LOW,0.7218,0.9512
758,2023-05-03 10:51:00,8df3fb3f-36b...,710.12,0,0,0.125,LOW,0.7218,0.9512
759,2023-05-03 10:56:00,37d50aaa-0ca...,152.34,0,0,0.194,LOW,0.6843,0.9512
760,2023-05-03 10:59:00,3b1e5d03-563...,1442.05,0,0,0.125,LOW,0.7298,0.9512
761,2023-05-03 11:03:00,7af28f6a-7ed...,1633.76,0,0,0.125,LOW,0.6898,0.9512
762,2023-05-03 11:08:00,800f26bb-ab1...,592.23,0,0,0.125,LOW,0.6898,0.9512
763,2023-05-03 11:09:00,6ded4d28-8bc...,774.6,0,0,0.2285,LOW,0.6292,0.9512
764,2023-05-03 11:14:00,7aee3f20-61f...,336794.67,0,0,0.1595,LOW,0.6993,0.9512
765,2023-05-03 11:17:00,fceef9b3-981...,139.15,0,0,0.125,LOW,0.7298,0.9512
766,2023-05-03 11:27:00,81697ea2-f5d...,613.53,0,0,0.6159,HIGH,0.6995,0.9512
767,2023-05-03 11:27:00,c991fb7a-f5c...,960.2,0,0,0.125,LOW,0.7298,0.9512
768,2023-05-03 11:34:00,2ec2dfb2-193...,16561.08,0,0,0.1595,LOW,0.6913,0.9512
769,2023-05-03 11:39:00,81697ea2-f5d...,3000.0,0,1,0.6168,HIGH,0.6994,0.9512
770,2023-05-03 11:45:00,9e342a67-6e2...,83375.67,0,0,0.125,LOW,0.7378,0.9512
771,2023-05-03 11:52:00,5cbba4d0-3c5...,681.07,0,0,0.125,LOW,0.7138,0.9512
772,2023-05-03 11:54:00,59684263-0e0...,1525.19,0,0,0.125,LOW,0.7298,0.9512
773,2023-05-03 11:55:00,8df3fb3f-36b...,179544.01,0,0,0.125,LOW,0.7298,0.9512
774,2023-05-03 12:03:00,37d50aaa-0ca...,959.23,0,0,0.194,LOW,0.6923,0.9512
775,2023-05-03 12:07:00,3b1e5d03-563...,567.39,0,0,0.125,LOW,0.7378,0.9512
776,2023-05-03 12:16:00,7af28f6a-7ed...,5100.52,0,0,0.125,LOW,0.6978,0.9512
777,2023-05-03 12:22:00,800f26bb-ab1...,2497.13,0,0,0.125,LOW,0.6978,0.9512
778,2023-05-03 12:30:00,81697ea2-f5d...,1000.0,0,1,0.6177,HIGH,0.6992,0.9512
779,2023-05-03 12:36:00,7aee3f20-61f...,102.73,0,0,0.1595,LOW,0.7073,0.9512
780,2023-05-03 12:40:00,fceef9b3-981...,89580.05,0,0,0.125,LOW,0.7378,0.9512
781,2023-05-03 12:50:00,81697ea2-f5d...,399.16,0,0,0.6158,HIGH,0.6996,0.9512
782,2023-05-03 13:07:00,c991fb7a-f5c...,127.98,0,0,0.125,LOW,0.7378,0.9512
783,2023-05-03 13:11:00,2ec2dfb2-193...,149675.64,0,0,0.1595,LOW,0.6993,0.9512
784,2023-05-03 13:14:00,bbdf6837-aab...,35803.53,0,0,0.125,LOW,0.7218,0.9512
785,2023-05-03 13:28:00,9e342a67-6e2...,46904.95,0,0,0.125,LOW,0.7458,0.9512
786,2023-05-03 13:37:00,81697ea2-f5d...,2000.0,0,1,0.6149,HIGH,0.6997,0.9512
787,2023-05-03 13:41:00,59684263-0e0...,423.35,0,0,0.125,LOW,0.7378,0.9512
788,2023-05-03 13:43:00,8df3fb3f-36b...,499.06,0,0,0.125,LOW,0.7378,0.9512
789,2023-05-03 13:45:00,37d50aaa-0ca...,996.35,0,0,0.194,LOW,0.7003,0.9512
790,2023-05-03 13:49:00,3b1e5d03-563...,1904.46,0,0,0.125,LOW,0.7458,0.9512
791,2023-05-03 14:02:00,7af28f6a-7ed...,21745.48,0,0,0.125,LOW,0.7058,0.9512
792,2023-05-03 14:03:00,800f26bb-ab1...,155659.59,0,0,0.125,LOW,0.7058,0.9512
793,2023-05-03 14:05:00,6ded4d28-8bc...,138.93,0,0,0.2285,LOW,0.6372,0.9512
794,2023-05-03 14:11:00,7aee3f20-61f...,1694.72,0,0,0.1595,LOW,0.7153,0.9512
795,2023-05-03 14:17:00,81697ea2-f5d...,500.0,0,1,0.614,HIGH,0.6999,0.9512
796,2023-05-03 14:30:00,81697ea2-f5d...,5000.0,0,1,0.6131,HIGH,0.7,0.9512
797,2023-05-03 14:32:00,c991fb7a-f5c...,1300.97,0,0,0.125,LOW,0.7458,0.9512
798,2023-05-03 14:34:00,2ec2dfb2-193...,216.07,0,0,0.1595,LOW,0.7073,0.9512
799,2023-05-03 14:35:00,bbdf6837-aab...,43.27,0,0,0.125,LOW,0.7298,0.9512
800,2023-05-03 14:39:00,9e342a67-6e2...,4051.71,0,0,0.125,LOW,0.7458,0.9512
801,2023-05-03 14:39:00,5cbba4d0-3c5...,7302.08,0,0,0.125,LOW,0.7218,0.9512
802,2023-05-03 15:06:00,59684263-0e0...,2617.24,0,0,0.125,LOW,0.7458,0.9512
803,2023-05-03 15:08:00,8df3fb3f-36b...,130917.73,0,0,0.125,LOW,0.7458,0.9512
804,2023-05-03 15:09:00,37d50aaa-0ca...,619.93,0,0,0.194,LOW,0.7003,0.9512
805,2023-05-03 15:11:00,3b1e5d03-563...,1361.08,0,0,0.125,LOW,0.7458,0.9512
806,2023-05-03 15:16:00,7af28f6a-7ed...,1128.42,0,0,0.125,LOW,0.7138,0.9512
807,2023-05-03 15:18:00,800f26bb-ab1...,2206.82,0,0,0.125,LOW,0.7138,0.9512
808,2023-05-03 15:19:00,6ded4d28-8bc...,752.8,0,0,0.2285,LOW,0.6452,0.9512
809,2023-05-03 15:37:00,7aee3f20-61f...,1493.95,0,0,0.1595,LOW,0.7233,0.9512
810,2023-05-03 15:40:00,fceef9b3-981...,164.73,0,0,0.125,LOW,0.7458,0.9512
811,2023-05-03 15:44:00,81697ea2-f5d...,646.62,0,0,0.6113,HIGH,0.7003,0.9512
812,2023-05-03 15:46:00,c991fb7a-f5c...,20875.61,0,0,0.125,LOW,0.7458,0.9512
813,2023-05-03 15:49:00,2ec2dfb2-193...,85.74,0,0,0.1595,LOW,0.7153,0.9512
814,2023-05-03 15:51:00,81697ea2-f5d...,2000.0,0,1,0.6122,HIGH,0.7002,0.9512
815,2023-05-03 15:53:00,9e342a67-6e2...,3066.63,0,0,0.125,LOW,0.7458,0.9512
816,2023-05-03 15:54:00,5cbba4d0-3c5...,2115.79,0,0,0.125,LOW,0.7298,0.9512
817,2023-05-03 16:01:00,59684263-0e0...,4672.61,0,0,0.125,LOW,0.7458,0.9512
818,2023-05-03 16:16:00,8df3fb3f-36b...,922.4,0,0,0.125,LOW,0.7458,0.9512
819,2023-05-03 16:17:00,37d50aaa-0ca...,7564.4,0,0,0.194,LOW,0.7003,0.9512
820,2023-05-03 16:19:00,3b1e5d03-563...,1653.08,0,0,0.125,LOW,0.7458,0.9512
821,2023-05-03 16:22:00,81697ea2-f5d...,1000.0,0,1,0.6114,HIGH,0.7003,0.9512
822,2023-05-03 16:40:00,800f26bb-ab1...,891.03,0,0,0.125,LOW,0.7218,0.9512
823,2023-05-03 16:47:00,6ded4d28-8bc...,1212.87,0,0,0.2285,LOW,0.6532,0.9512
824,2023-05-03 16:55:00,7aee3f20-61f...,14658.67,0,0,0.1595,LOW,0.7233,0.9512
825,2023-05-03 16:58:00,fceef9b3-981...,676.74,0,0,0.125,LOW,0.7458,0.9512
826,2023-05-03 17:06:00,81697ea2-f5d...,1000.0,1,1,0.728,HIGH,0.9348,0.9512
827,2023-05-03 17:19:00,c991fb7a-f5c...,162.3,0,0,0.125,LOW,0.7458,0.9512
828,2023-05-03 17:24:00,2ec2dfb2-193...,175810.35,0,0,0.1595,LOW,0.7233,0.9512
829,2023-05-03 17:39:00,81697ea2-f5d...,2000.0,0,1,0.646,HIGH,0.6958,0.9512
830,2023-05-03 17:40:00,9e342a67-6e2...,217.14,0,0,0.125,LOW,0.7458,0.9512
831,2023-05-03 17:41:00,5cbba4d0-3c5...,5452.26,0,0,0.125,LOW,0.7378,0.9512
832,2023-05-03 17:46:00,81697ea2-f5d...,2000.0,0,1,0.6468,HIGH,0.6957,0.9512
833,2023-05-03 17:51:00,8df3fb3f-36b...,293.64,0,0,0.125,LOW,0.7458,0.9512
834,2023-05-03 17:57:00,37d50aaa-0ca...,619.46,0,0,0.194,LOW,0.7003,0.9512
835,2023-05-03 18:00:00,3b1e5d03-563...,131.22,0,0,0.125,LOW,0.7458,0.9512
836,2023-05-03 18:04:00,7af28f6a-7ed...,201.84,0,0,0.125,LOW,0.7218,0.9512
837,2023-05-03 18:05:00,81697ea2-f5d...,2000.0,0,1,0.6477,HIGH,0.6956,0.9512
838,2023-05-03 18:06:00,6ded4d28-8bc...,4186.38,0,0,0.2285,LOW,0.6612,0.9512
839,2023-05-03 18:09:00,81697ea2-f5d...,2000.0,0,1,0.6485,HIGH,0.6955,0.9512
840,2023-05-03 18:19:00,fceef9b3-981...,2015.51,0,0,0.125,LOW,0.7458,0.9512
841,2023-05-03 18:22:00,81697ea2-f5d...,16933.19,0,0,0.6436,HIGH,0.696,0.9512
842,2023-05-03 18:23:00,c991fb7a-f5c...,130488.4,0,0,0.125,LOW,0.7458,0.9512
843,2023-05-03 18:28:00,2ec2dfb2-193...,41305.83,0,0,0.1595,LOW,0.7233,0.9512
844,2023-05-03 18:31:00,bbdf6837-aab...,546.56,0,0,0.125,LOW,0.7378,0.9512
845,2023-05-03 18:36:00,9e342a67-6e2...,1320.55,0,0,0.125,LOW,0.7458,0.9512
846,2023-05-03 18:39:00,5cbba4d0-3c5...,2531.08,0,0,0.125,LOW,0.7458,0.9512
847,2023-05-03 18:42:00,59684263-0e0...,433.45,0,0,0.125,LOW,0.7458,0.9512
848,2023-05-03 18:43:00,8df3fb3f-36b...,2525.88,0,0,0.125,LOW,0.7458,0.9512
849,2023-05-03 18:47:00,37d50aaa-0ca...,2836.95,0,0,0.194,LOW,0.7003,0.9512
850,2023-05-03 18:59:00,81697ea2-f5d...,2000.0,0,1,0.6445,HIGH,0.6959,0.9512
851,2023-05-03 19:00:00,7af28f6a-7ed...,3471.78,0,0,0.125,LOW,0.7298,0.9512
852,2023-05-03 19:01:00,800f26bb-ab1...,229432.0,0,0,0.125,LOW,0.7298,0.9512
853,2023-05-03 19:01:00,6ded4d28-8bc...,20832.68,0,0,0.2285,LOW,0.6692,0.9512
854,2023-05-03 19:02:00,7aee3f20-61f...,181.81,0,0,0.1595,LOW,0.7233,0.9512
855,2023-05-03 19:05:00,81697ea2-f5d...,1000.0,0,1,0.6453,HIGH,0.6959,0.9512
856,2023-05-03 19:09:00,81697ea2-f5d...,1297.92,0,0,0.6453,HIGH,0.6959,0.9512
857,2023-05-03 19:12:00,c991fb7a-f5c...,1781.09,0,0,0.125,LOW,0.7458,0.9512
858,2023-05-03 19:17:00,2ec2dfb2-193...,33616.78,0,0,0.1595,LOW,0.7233,0.9512
859,2023-05-03 19:23:00,bbdf6837-aab...,157.46,0,0,0.125,LOW,0.7458,0.9512
860,2023-05-03 19:26:00,9e342a67-6e2...,14135.77,0,0,0.125,LOW,0.7458,0.9512
861,2023-05-03 19:37:00,5cbba4d0-3c5...,6403.67,0,0,0.125,LOW,0.7458,0.9512
862,2023-05-03 19:38:00,59684263-0e0...,324.23,0,0,0.125,LOW,0.7458,0.9512
863,2023-05-03 19:43:00,8df3fb3f-36b...,477537.04,0,0,0.125,LOW,0.7458,0.9512
864,2023-05-03 19:47:00,37d50aaa-0ca...,15608.14,0,0,0.194,LOW,0.7003,0.9512
865,2023-05-03 19:49:00,3b1e5d03-563...,3034.21,0,0,0.125,LOW,0.7458,0.9512
866,2023-05-03 19:53:00,7af28f6a-7ed...,1465.37,0,0,0.125,LOW,0.7378,0.9512
867,2023-05-03 19:57:00,800f26bb-ab1...,1244.34,0,0,0.125,LOW,0.7378,0.9512
868,2023-05-03 19:59:00,6ded4d28-8bc...,14509.1,0,0,0.2285,LOW,0.6772,0.9512
869,2023-05-03 20:00:00,7aee3f20-61f...,4055.95,0,0,0.1595,LOW,0.7233,0.9512
870,2023-05-03 20:01:00,fceef9b3-981...,3710.2,0,0,0.125,LOW,0.7458,0.9512
871,2023-05-03 20:05:00,81697ea2-f5d...,1498.41,0,0,0.6453,HIGH,0.6959,0.9512
872,2023-05-03 20:07:00,c991fb7a-f5c...,42344.42,0,0,0.125,LOW,0.7458,0.9512
873,2023-05-03 20:16:00,2ec2dfb2-193...,1067.8,0,0,0.1595,LOW,0.7233,0.9512
874,2023-05-03 20:18:00,bbdf6837-aab...,2252.55,1,0,0.2424,LOW,0.924,0.9512
875,2023-05-03 20:18:00,9e342a67-6e2...,2637.7,0,0,0.125,LOW,0.7458,0.9512
876,2023-05-03 20:30:00,5cbba4d0-3c5...,20885.74,0,0,0.125,LOW,0.7458,0.9512
877,2023-05-03 20:33:00,59684263-0e0...,4041.44,0,0,0.125,LOW,0.7458,0.9512
878,2023-05-03 20:36:00,8df3fb3f-36b...,39526.91,0,0,0.125,LOW,0.7458,0.9512
879,2023-05-03 20:40:00,37d50aaa-0ca...,3908.93,0,0,0.194,LOW,0.7003,0.9512
880,2023-05-03 20:51:00,3b1e5d03-563...,4505.89,0,0,0.125,LOW,0.7458,0.9512
881,2023-05-03 21:10:00,7af28f6a-7ed...,4090.41,0,0,0.125,LOW,0.7458,0.9512
882,2023-05-03 21:13:00,800f26bb-ab1...,2912.54,0,0,0.125,LOW,0.7458,0.9512
883,2023-05-03 21:28:00,6ded4d28-8bc...,1364.49,0,0,0.2285,LOW,0.6772,0.9512
884,2023-05-03 21:30:00,7aee3f20-61f...,14551.19,0,0,0.1595,LOW,0.7233,0.9512
885,2023-05-03 21:39:00,fceef9b3-981...,3124.62,0,0,0.125,LOW,0.7458,0.9512
886,2023-05-03 21:47:00,81697ea2-f5d...,750.51,0,0,0.6405,HIGH,0.6963,0.9512
887,2023-05-03 21:56:00,c991fb7a-f5c...,568.39,0,0,0.125,LOW,0.7458,0.9512
888,2023-05-03 22:06:00,2ec2dfb2-193...,534.87,0,0,0.2045,LOW,0.7233,0.9512
889,2023-05-03 22:08:00,bbdf6837-aab...,7098.97,0,0,0.2045,LOW,0.7233,0.9512
890,2023-05-03 22:10:00,9e342a67-6e2...,469.8,0,0,0.17,LOW,0.7458,0.9512
891,2023-05-03 22:12:00,5cbba4d0-3c5...,163614.24,0,0,0.17,LOW,0.7458,0.9512
892,2023-05-03 22:14:00,59684263-0e0...,1050.09,0,0,0.17,LOW,0.7458,0.9512
893,2023-05-03 22:18:00,8df3fb3f-36b...,5392.19,0,0,0.17,LOW,0.7458,0.9512
894,2023-05-03 22:26:00,37d50aaa-0ca...,722.32,0,0,0.239,LOW,0.7003,0.9512
895,2023-05-03 22:36:00,3b1e5d03-563...,886.25,0,0,0.17,LOW,0.7458,0.9512
896,2023-05-03 22:44:00,7af28f6a-7ed...,4379.07,0,0,0.17,LOW,0.7458,0.9512
897,2023-05-03 22:45:00,800f26bb-ab1...,253.63,0,0,0.17,LOW,0.7458,0.9512
898,2023-05-03 22:48:00,6ded4d28-8bc...,1783.47,0,0,0.2735,LOW,0.6772,0.9512
899,2023-05-03 22:50:00,7aee3f20-61f...,295.64,0,0,0.2045,LOW,0.7233,0.9512
900,2023-05-03 23:06:00,fceef9b3-981...,1779.34,0,0,0.17,LOW,0.7458,0.9512
901,2023-05-03 23:08:00,81697ea2-f5d...,28121.21,0,0,0.6824,HIGH,0.6966,0.9512
902,2023-05-03 23:10:00,c991fb7a-f5c...,1026.37,0,0,0.17,LOW,0.7458,0.9512
903,2023-05-03 23:16:00,2ec2dfb2-193...,8160.31,1,0,0.3219,MEDIUM,0.9044,0.9512
904,2023-05-03 23:18:00,81697ea2-f5d...,1000.0,0,1,0.6833,HIGH,0.6965,0.9512
905,2023-05-03 23:22:00,9e342a67-6e2...,381.31,0,0,0.17,LOW,0.7458,0.9512
906,2023-05-03 23:29:00,5cbba4d0-3c5...,324.03,0,0,0.17,LOW,0.7458,0.9512
907,2023-05-03 23:29:00,59684263-0e0...,8470.09,0,0,0.17,LOW,0.7458,0.9512
908,2023-05-03 23:36:00,81697ea2-f5d...,500.0,0,1,0.6842,HIGH,0.6964,0.9512
909,2023-05-03 23:41:00,37d50aaa-0ca...,537.72,0,0,0.239,LOW,0.7003,0.9512
910,2023-05-03 23:50:00,3b1e5d03-563...,507.24,0,0,0.17,LOW,0.7458,0.9512
911,2023-05-03 23:51:00,7af28f6a-7ed...,1577.86,0,0,0.17,LOW,0.7458,0.9512
912,2023-05-03 23:59:00,800f26bb-ab1...,10059.71,0,0,0.17,LOW,0.7458,0.9512
913,2023-05-04 00:03:00,6ded4d28-8bc...,1123.29,0,0,0.2735,LOW,0.6772,0.9512
914,2023-05-04 00:03:00,7aee3f20-61f...,544900.89,0,0,0.2045,LOW,0.7233,0.9512
915,2023-05-04 00:07:00,fceef9b3-981...,1492.74,0,0,0.17,LOW,0.7458,0.9512
916,2023-05-04 00:09:00,81697ea2-f5d...,140.91,0,0,0.6826,HIGH,0.6966,0.9512
917,2023-05-04 00:19:00,c991fb7a-f5c...,3270.43,0,0,0.17,LOW,0.7458,0.9512
918,2023-05-04 00:23:00,81697ea2-f5d...,5000.0,0,1,0.6835,HIGH,0.6965,0.9512
919,2023-05-04 00:27:00,bbdf6837-aab...,2688.11,0,0,0.2045,LOW,0.7233,0.9512
920,2023-05-04 00:29:00,9e342a67-6e2...,1739.81,0,0,0.17,LOW,0.7458,0.9512
921,2023-05-04 00:36:00,5cbba4d0-3c5...,34565.75,0,0,0.17,LOW,0.7458,0.9512
922,2023-05-04 00:38:00,59684263-0e0...,1259.93,0,0,0.17,LOW,0.7458,0.9512
923,2023-05-04 00:38:00,8df3fb3f-36b...,2131.11,0,0,0.17,LOW,0.7458,0.9512
924,2023-05-04 00:40:00,81697ea2-f5d...,2000.0,0,1,0.6828,HIGH,0.6965,0.9512
925,2023-05-04 00:44:00,3b1e5d03-563...,664.26,0,0,0.17,LOW,0.7458,0.9512
926,2023-05-04 00:54:00,7af28f6a-7ed...,456.31,0,0,0.17,LOW,0.7458,0.9512
927,2023-05-04 01:00:00,800f26bb-ab1...,186.18,0,0,0.17,LOW,0.7458,0.9512
928,2023-05-04 01:06:00,81697ea2-f5d...,1000.0,0,1,0.6822,HIGH,0.6966,0.9512
929,2023-05-04 01:08:00,7aee3f20-61f...,239.35,0,0,0.2045,LOW,0.7233,0.9512
930,2023-05-04 01:15:00,81697ea2-f5d...,2000.0,0,1,0.6831,HIGH,0.6965,0.9512
931,2023-05-04 01:17:00,81697ea2-f5d...,89.35,0,0,0.6831,HIGH,0.6965,0.9512
932,2023-05-04 01:20:00,c991fb7a-f5c...,230.37,0,0,0.17,LOW,0.7458,0.9512
933,2023-05-04 01:23:00,2ec2dfb2-193...,7328.49,0,0,0.239,LOW,0.7003,0.9512
934,2023-05-04 01:34:00,81697ea2-f5d...,1000.0,0,1,0.6824,HIGH,0.6966,0.9512
935,2023-05-04 02:04:00,9e342a67-6e2...,17404.32,0,0,0.17,LOW,0.7458,0.9512
936,2023-05-04 02:09:00,5cbba4d0-3c5...,113798.53,0,0,0.17,LOW,0.7458,0.9512
937,2023-05-04 02:12:00,59684263-0e0...,9128.52,0,0,0.17,LOW,0.7458,0.9512
938,2023-05-04 02:24:00,8df3fb3f-36b...,78988.56,0,0,0.17,LOW,0.7458,0.9512
939,2023-05-04 02:41:00,37d50aaa-0ca...,23255.9,0,0,0.239,LOW,0.7003,0.9512
940,2023-05-04 02:43:00,3b1e5d03-563...,319.52,0,0,0.17,LOW,0.7458,0.9512
941,2023-05-04 02:47:00,81697ea2-f5d...,2000.0,0,1,0.6789,HIGH,0.6968,0.9512
942,2023-05-04 02:47:00,800f26bb-ab1...,629.19,0,0,0.17,LOW,0.7458,0.9512
943,2023-05-04 02:48:00,6ded4d28-8bc...,2127.06,0,0,0.2735,LOW,0.6772,0.9512
944,2023-05-04 02:49:00,7aee3f20-61f...,2671.24,0,0,0.2045,LOW,0.7233,0.9512
945,2023-05-04 02:55:00,fceef9b3-981...,1295.61,0,0,0.17,LOW,0.7458,0.9512
946,2023-05-04 02:57:00,81697ea2-f5d...,1000.0,0,1,0.6798,HIGH,0.6968,0.9512
947,2023-05-04 02:59:00,c991fb7a-f5c...,776.09,0,0,0.17,LOW,0.7458,0.9512
948,2023-05-04 03:02:00,2ec2dfb2-193...,42.29,0,0,0.239,LOW,0.7003,0.9512
949,2023-05-04 03:17:00,bbdf6837-aab...,339.27,0,0,0.2045,LOW,0.7233,0.9512
950,2023-05-04 03:18:00,9e342a67-6e2...,815.54,0,0,0.17,LOW,0.7458,0.9512
951,2023-05-04 03:22:00,5cbba4d0-3c5...,7926.48,0,0,0.17,LOW,0.7458,0.9512
952,2023-05-04 03:35:00,59684263-0e0...,371.24,0,0,0.17,LOW,0.7458,0.9512
953,2023-05-04 03:52:00,8df3fb3f-36b...,1636.87,0,0,0.17,LOW,0.7458,0.9512
954,2023-05-04 04:02:00,37d50aaa-0ca...,2042.37,0,0,0.239,LOW,0.7003,0.9512
955,2023-05-04 04:04:00,3b1e5d03-563...,2053.99,0,0,0.17,LOW,0.7458,0.9512
956,2023-05-04 04:04:00,7af28f6a-7ed...,3387.35,0,0,0.17,LOW,0.7458,0.9512
957,2023-05-04 04:09:00,800f26bb-ab1...,3493.22,0,0,0.17,LOW,0.7458,0.9512
958,2023-05-04 04:10:00,81697ea2-f5d...,2000.0,0,1,0.6806,HIGH,0.6967,0.9512
959,2023-05-04 04:22:00,7aee3f20-61f...,1191.64,0,0,0.2045,LOW,0.7233,0.9512
960,2023-05-04 04:28:00,fceef9b3-981...,155487.01,0,0,0.17,LOW,0.7458,0.9512
961,2023-05-04 04:49:00,81697ea2-f5d...,118.95,0,0,0.6778,HIGH,0.6969,0.9512
962,2023-05-04 04:55:00,c991fb7a-f5c...,697.53,0,0,0.17,LOW,0.7458,0.9512
963,2023-05-04 04:56:00,2ec2dfb2-193...,499.82,0,0,0.239,LOW,0.7003,0.9512
964,2023-05-04 04:56:00,bbdf6837-aab...,58.52,0,0,0.2045,LOW,0.7233,0.9512
965,2023-05-04 05:02:00,9e342a67-6e2...,51.03,0,0,0.125,LOW,0.7458,0.9512
966,2023-05-04 05:03:00,5cbba4d0-3c5...,1711.04,0,0,0.125,LOW,0.7458,0.9512
967,2023-05-04 05:05:00,81697ea2-f5d...,1000.0,0,1,0.6337,HIGH,0.6968,0.9512
968,2023-05-04 05:26:00,8df3fb3f-36b...,21420.22,0,0,0.125,LOW,0.7458,0.9512
969,2023-05-04 05:29:00,37d50aaa-0ca...,558.29,0,0,0.194,LOW,0.7003,0.9512
970,2023-05-04 05:32:00,3b1e5d03-563...,14684.88,0,0,0.125,LOW,0.7458,0.9512
971,2023-05-04 05:36:00,7af28f6a-7ed...,826.41,0,0,0.125,LOW,0.7458,0.9512
972,2023-05-04 05:36:00,800f26bb-ab1...,3135.54,0,0,0.125,LOW,0.7458,0.9512
973,2023-05-04 05:38:00,6ded4d28-8bc...,24517.7,0,0,0.2285,LOW,0.6772,0.9512
974,2023-05-04 05:41:00,7aee3f20-61f...,599.42,0,0,0.1595,LOW,0.7233,0.9512
975,2023-05-04 05:43:00,fceef9b3-981...,22693.04,0,0,0.125,LOW,0.7458,0.9512
976,2023-05-04 05:47:00,81697ea2-f5d...,940.84,0,0,0.6266,HIGH,0.6972,0.9512
977,2023-05-04 05:49:00,c991fb7a-f5c...,1942.71,0,0,0.125,LOW,0.7458,0.9512
978,2023-05-04 05:53:00,2ec2dfb2-193...,1176.08,0,0,0.194,LOW,0.7003,0.9512
979,2023-05-04 06:00:00,bbdf6837-aab...,512.24,0,0,0.1595,LOW,0.7233,0.9512
980,2023-05-04 06:10:00,9e342a67-6e2...,223.99,0,0,0.125,LOW,0.7458,0.9512
981,2023-05-04 06:11:00,5cbba4d0-3c5...,2017.23,0,0,0.125,LOW,0.7458,0.9512
982,2023-05-04 06:13:00,59684263-0e0...,1890.83,0,0,0.125,LOW,0.7458,0.9512
983,2023-05-04 06:14:00,8df3fb3f-36b...,1000.86,0,0,0.125,LOW,0.7458,0.9512
984,2023-05-04 06:33:00,37d50aaa-0ca...,285.3,0,0,0.194,LOW,0.7003,0.9512
985,2023-05-04 06:35:00,81697ea2-f5d...,2000.0,0,1,0.6275,HIGH,0.6971,0.9512
986,2023-05-04 06:42:00,7af28f6a-7ed...,1283.69,0,0,0.125,LOW,0.7458,0.9512
987,2023-05-04 06:43:00,800f26bb-ab1...,2116.39,0,0,0.125,LOW,0.7458,0.9512
988,2023-05-04 06:48:00,6ded4d28-8bc...,40031.96,0,0,0.2285,LOW,0.6772,0.9512
989,2023-05-04 06:49:00,7aee3f20-61f...,506.98,0,0,0.1595,LOW,0.7233,0.9512
990,2023-05-04 06:49:00,fceef9b3-981...,289.22,0,0,0.125,LOW,0.7458,0.9512
991,2023-05-04 06:50:00,81697ea2-f5d...,185922.76,0,0,0.6275,HIGH,0.6971,0.9512
992,2023-05-04 06:52:00,c991fb7a-f5c...,3787.35,0,0,0.125,LOW,0.7458,0.9512
993,2023-05-04 07:00:00,2ec2dfb2-193...,289.26,0,0,0.194,LOW,0.7003,0.9512
994,2023-05-04 07:05:00,bbdf6837-aab...,524.09,0,0,0.1595,LOW,0.7233,0.9512
995,2023-05-04 07:07:00,81697ea2-f5d...,5000.0,0,1,0.6256,HIGH,0.6972,0.9512
996,2023-05-04 07:07:00,5cbba4d0-3c5...,1313.36,0,0,0.125,LOW,0.7458,0.9512
997,2023-05-04 07:15:00,59684263-0e0...,4664.0,0,0,0.125,LOW,0.7458,0.9512
998,2023-05-04 07:18:00,8df3fb3f-36b...,959.85,0,0,0.125,LOW,0.7458,0.9512
999,2023-05-04 07:20:00,81697ea2-f5d...,2000.0,0,1,0.6265,HIGH,0.6972,0.9512
1000,2023-05-04 07:20:00,3b1e5d03-563...,515.05,0,0,0.125,LOW,0.7458,0.9512
